path	status	upstream_git_blob	current_git_blob
.deepsource.toml	unchanged	1f61f4ed8228bcb75b4be2a0852a853cd3698e10	1f61f4ed8228bcb75b4be2a0852a853cd3698e10
.editorconfig	unchanged	22e938f9c2c5ebe72bb5dd5fdd43123cf3581b74	22e938f9c2c5ebe72bb5dd5fdd43123cf3581b74
.github/ISSUE_TEMPLATE/bypass.yml	unchanged	a6e5132b3532518cfaecb1478216a56d6ea82b01	a6e5132b3532518cfaecb1478216a56d6ea82b01
.github/ISSUE_TEMPLATE/config.yml	unchanged	3ba13e0cec6cbbfd462e9ebf529dd2093148cd69	3ba13e0cec6cbbfd462e9ebf529dd2093148cd69
.github/ISSUE_TEMPLATE/crash-or-error.yml	unchanged	a09651d92218a0e21ee06e2b6858982c2b9ae15a	a09651d92218a0e21ee06e2b6858982c2b9ae15a
.github/ISSUE_TEMPLATE/false-positive.yml	unchanged	ca6296380dceb93e6ad4daca0e6b11c3d3edfb69	ca6296380dceb93e6ad4daca0e6b11c3d3edfb69
.github/ISSUE_TEMPLATE/feature.yml	unchanged	a87261ec3fb77d22417102692dde187dbf53f4aa	a87261ec3fb77d22417102692dde187dbf53f4aa
.github/ISSUE_TEMPLATE/other-issues.yml	unchanged	92efebdb3f609bd4fad441188a900164680d5a69	92efebdb3f609bd4fad441188a900164680d5a69
.github/ISSUE_TEMPLATE/simulation-false-positive.yml	unchanged	a37710ead6acdef1f83dbc8532a669e77f988601	a37710ead6acdef1f83dbc8532a669e77f988601
.github/workflows/build-and-publish.yml	removed/moved	3db0c5505a94db18f29542b557d0f02346439a3b	-
.github/workflows/codeql-analysis.yml	removed/moved	a70cc83d16bd1187ced00077310da7d3be206cb3	-
.github/workflows/gradle-publish.yml	removed/moved	9cb831202a9e9157b881acbf7d2531e91d061fd4	-
.github/workflows/release.yml	removed/moved	fb79c526f95e1a49c2ae1eb3c432c1be3e6afafe	-
.gitignore	modified	acdb7949dabe5129de34232376cc2d5ecf43d253	91ecaf0475d3ee0d862503cb1d1f40eb02601e85
CONTRIBUTING.md	unchanged	b5ac21358edb7d184475022e7e0a0a4bbb641056	b5ac21358edb7d184475022e7e0a0a4bbb641056
LICENSE	unchanged	f288702d2fa16d3cdf0035b15a9fcbc552cd88e7	f288702d2fa16d3cdf0035b15a9fcbc552cd88e7
README.md	modified	b1e5e5e342e42c9784d0f7de0e49944c8ddb2e08	d1e82ea52252a6d85bfd0260e157d34987fc6e93
SECURITY.md	unchanged	d3a536f98dd431e76eb83bf6e5627616f0b66ad7	d3a536f98dd431e76eb83bf6e5627616f0b66ad7
build.gradle.kts	modified	2e2ba426241be28eae57f16b249df86a1757cf34	062d250f96e17a13cb7b3cb818701e8bd590f13c
buildSrc/build.gradle.kts	unchanged	9dd3e10860d7ebdf529fb922ea647ebc6166d1e4	9dd3e10860d7ebdf529fb922ea647ebc6166d1e4
buildSrc/settings.gradle.kts	unchanged	cc182153be27fecc0331838e6d0354221f42d318	cc182153be27fecc0331838e6d0354221f42d318
buildSrc/src/main/kotlin/exclusive.kt	unchanged	fa21816f499ad34883ee962e3b4d05ef022713ab	fa21816f499ad34883ee962e3b4d05ef022713ab
buildSrc/src/main/kotlin/grim.base-conventions.gradle.kts	unchanged	303f3dfc37626fb33a088de1aa8224b4cc02e7d6	303f3dfc37626fb33a088de1aa8224b4cc02e7d6
buildSrc/src/main/kotlin/grim.jij-conventions.gradle.kts	unchanged	d1d7ea3711c0b994f82629aeecf75c2a131743a6	d1d7ea3711c0b994f82629aeecf75c2a131743a6
buildSrc/src/main/kotlin/grim.shadow-conventions.gradle.kts	unchanged	14104298b26a7758b84130ef8b881547d0dcff28	14104298b26a7758b84130ef8b881547d0dcff28
buildSrc/src/main/kotlin/versioning/BuildConfig.kt	unchanged	518f85776d4f298076a916a1503d898cfe4ec258	518f85776d4f298076a916a1503d898cfe4ec258
buildSrc/src/main/kotlin/versioning/VersionUtil.kt	unchanged	2bb8ef5857deda32c6faac3e7420cdc430d1b7f6	2bb8ef5857deda32c6faac3e7420cdc430d1b7f6
bukkit/build.gradle.kts	modified	0d65e5abf5fe54904121aa8431842fa8af1236e5	14a9c2ef8588292554ec2aabf38b063ceb3814fe
bukkit/src/main/java/ac/grim/grimac/platform/bukkit/BukkitPlatformPlugin.java	unchanged	5d41887111dbcdc17ca127ab7f682c629f93db86	5d41887111dbcdc17ca127ab7f682c629f93db86
bukkit/src/main/java/ac/grim/grimac/platform/bukkit/BukkitPlatformServer.java	unchanged	a0d7ba0f9d82f702a3311c22824617d137034932	a0d7ba0f9d82f702a3311c22824617d137034932
bukkit/src/main/java/ac/grim/grimac/platform/bukkit/GrimACBukkitLoaderPlugin.java	modified	e3529c23f6e3cdefc44c70bc5d314b398207d10c	1485b58cb5fed1a195b63ce3e75875a30711c646
bukkit/src/main/java/ac/grim/grimac/platform/bukkit/command/BukkitPlayerSelectorAdapter.java	unchanged	dc56b3db46e2220995e2c333b632272f6cfb2a25	dc56b3db46e2220995e2c333b632272f6cfb2a25
bukkit/src/main/java/ac/grim/grimac/platform/bukkit/entity/BukkitGrimEntity.java	unchanged	6930848b829233a9312ea61585beb2bd99d0e80d	6930848b829233a9312ea61585beb2bd99d0e80d
bukkit/src/main/java/ac/grim/grimac/platform/bukkit/events/PistonEvent.java	unchanged	3481b4fe7c8f0337ca3f66f843cd82fc872cc0d9	3481b4fe7c8f0337ca3f66f843cd82fc872cc0d9
bukkit/src/main/java/ac/grim/grimac/platform/bukkit/initables/BukkitBStats.java	unchanged	156aacc6142f77eda51382df3ff9d11b8d28f98d	156aacc6142f77eda51382df3ff9d11b8d28f98d
bukkit/src/main/java/ac/grim/grimac/platform/bukkit/initables/BukkitEventManager.java	unchanged	35a7623faa8c0a591c39e4b4940ea1b460506bf7	35a7623faa8c0a591c39e4b4940ea1b460506bf7
bukkit/src/main/java/ac/grim/grimac/platform/bukkit/initables/BukkitLuckPermsHandler.java	unchanged	389f93457a120297bb2d4a559d2abd99c3224544	389f93457a120297bb2d4a559d2abd99c3224544
bukkit/src/main/java/ac/grim/grimac/platform/bukkit/initables/BukkitLuckPermsInitable.java	unchanged	f9f8d46eb83f0b6cc715bbdd896ed5a4c9404b55	f9f8d46eb83f0b6cc715bbdd896ed5a4c9404b55
bukkit/src/main/java/ac/grim/grimac/platform/bukkit/initables/BukkitTickEndEvent.java	unchanged	8c040e0d6c4dfcc22e19dbdf74a987ce0cac7922	8c040e0d6c4dfcc22e19dbdf74a987ce0cac7922
bukkit/src/main/java/ac/grim/grimac/platform/bukkit/manager/BukkitCloudPlatformCommandArguments.java	unchanged	5a273cc6a83cd1ed33e1c7917638c449aac46007	5a273cc6a83cd1ed33e1c7917638c449aac46007
bukkit/src/main/java/ac/grim/grimac/platform/bukkit/manager/BukkitItemResetHandler.java	unchanged	af06695c6320c67d95e6444c7c06fdf308f82141	af06695c6320c67d95e6444c7c06fdf308f82141
bukkit/src/main/java/ac/grim/grimac/platform/bukkit/manager/BukkitMessagePlaceHolderManager.java	unchanged	736e5dc51d978a1f0357017b59238ab7cda38c11	736e5dc51d978a1f0357017b59238ab7cda38c11
bukkit/src/main/java/ac/grim/grimac/platform/bukkit/manager/BukkitPermissionRegistrationManager.java	unchanged	bda4250bc1d797db12c9382c7dd571878badc3f8	bda4250bc1d797db12c9382c7dd571878badc3f8
bukkit/src/main/java/ac/grim/grimac/platform/bukkit/manager/BukkitPlatformPluginManager.java	unchanged	e6ab448295e48009b8842878f7233fd878d2c6ef	e6ab448295e48009b8842878f7233fd878d2c6ef
bukkit/src/main/java/ac/grim/grimac/platform/bukkit/player/BukkitOfflinePlatformPlayer.java	unchanged	0b2b3407913d68abfb79f532383c2c5ebbec93e5	0b2b3407913d68abfb79f532383c2c5ebbec93e5
bukkit/src/main/java/ac/grim/grimac/platform/bukkit/player/BukkitPlatformInventory.java	unchanged	74b3d18108317807baf6bcfedd69626b40c78146	74b3d18108317807baf6bcfedd69626b40c78146
bukkit/src/main/java/ac/grim/grimac/platform/bukkit/player/BukkitPlatformPlayer.java	unchanged	3a2748b73d0f2f04ec3ae3e1a064c68ba8f6e913	3a2748b73d0f2f04ec3ae3e1a064c68ba8f6e913
bukkit/src/main/java/ac/grim/grimac/platform/bukkit/player/BukkitPlatformPlayerFactory.java	unchanged	d747ae6977eb0401109221b0904fa73c8a7aa6d7	d747ae6977eb0401109221b0904fa73c8a7aa6d7
bukkit/src/main/java/ac/grim/grimac/platform/bukkit/scheduler/bukkit/BukkitAsyncScheduler.java	unchanged	361af3cdd85ca8f02d73b473fcbf02626bc8674b	361af3cdd85ca8f02d73b473fcbf02626bc8674b
bukkit/src/main/java/ac/grim/grimac/platform/bukkit/scheduler/bukkit/BukkitEntityScheduler.java	unchanged	c7907e200252338e46ab10b6bd47ba846b6f86c4	c7907e200252338e46ab10b6bd47ba846b6f86c4
bukkit/src/main/java/ac/grim/grimac/platform/bukkit/scheduler/bukkit/BukkitGlobalRegionScheduler.java	unchanged	a16e3035aff7e40508e530363b6d8229669a5883	a16e3035aff7e40508e530363b6d8229669a5883
bukkit/src/main/java/ac/grim/grimac/platform/bukkit/scheduler/bukkit/BukkitPlatformScheduler.java	unchanged	dbd56bf7ac229af737a42f9e10e177755f84a8b4	dbd56bf7ac229af737a42f9e10e177755f84a8b4
bukkit/src/main/java/ac/grim/grimac/platform/bukkit/scheduler/bukkit/BukkitRegionScheduler.java	unchanged	e83ee0e43be42ff1e89dbe8e2c514a0fdece5c42	e83ee0e43be42ff1e89dbe8e2c514a0fdece5c42
bukkit/src/main/java/ac/grim/grimac/platform/bukkit/scheduler/bukkit/BukkitTaskHandle.java	unchanged	311bfdc848df52f6867081427334e3ceab69178f	311bfdc848df52f6867081427334e3ceab69178f
bukkit/src/main/java/ac/grim/grimac/platform/bukkit/scheduler/folia/FoliaAsyncScheduler.java	unchanged	a2f82f3e558e20d92a8933cf440ad4cb7273a78e	a2f82f3e558e20d92a8933cf440ad4cb7273a78e
bukkit/src/main/java/ac/grim/grimac/platform/bukkit/scheduler/folia/FoliaEntityScheduler.java	unchanged	192b047fd0b4252868cb1bf377d68620e1c17097	192b047fd0b4252868cb1bf377d68620e1c17097
bukkit/src/main/java/ac/grim/grimac/platform/bukkit/scheduler/folia/FoliaGlobalRegionScheduler.java	unchanged	c1678a35f7b4c74de07388d1d23b1dffd01c949d	c1678a35f7b4c74de07388d1d23b1dffd01c949d
bukkit/src/main/java/ac/grim/grimac/platform/bukkit/scheduler/folia/FoliaPlatformScheduler.java	unchanged	a5d4984e7223f0e38db79112b47d4b55945f4e9a	a5d4984e7223f0e38db79112b47d4b55945f4e9a
bukkit/src/main/java/ac/grim/grimac/platform/bukkit/scheduler/folia/FoliaRegionScheduler.java	unchanged	05689c9c3465f13a7ec3255d39b42447d654ae12	05689c9c3465f13a7ec3255d39b42447d654ae12
bukkit/src/main/java/ac/grim/grimac/platform/bukkit/scheduler/folia/FoliaTaskHandle.java	unchanged	149992531598948e7ec2d05f8d43739cb727fa2d	149992531598948e7ec2d05f8d43739cb727fa2d
bukkit/src/main/java/ac/grim/grimac/platform/bukkit/sender/BukkitSenderFactory.java	unchanged	69602c9d2ce4d5fc30042caf830bfe15c1c02e58	69602c9d2ce4d5fc30042caf830bfe15c1c02e58
bukkit/src/main/java/ac/grim/grimac/platform/bukkit/utils/anticheat/MultiLibUtil.java	unchanged	c185f31bd31376d40842cbf8dc85e6987da3a12c	c185f31bd31376d40842cbf8dc85e6987da3a12c
bukkit/src/main/java/ac/grim/grimac/platform/bukkit/utils/convert/BukkitConversionUtils.java	unchanged	a3e65a9dd41c7c28842d90118e96a635fe7e2b96	a3e65a9dd41c7c28842d90118e96a635fe7e2b96
bukkit/src/main/java/ac/grim/grimac/platform/bukkit/utils/placeholder/PlaceholderAPIExpansion.java	unchanged	596714df9bf6321a2bbbe6be2963c009e0f8ccbb	596714df9bf6321a2bbbe6be2963c009e0f8ccbb
bukkit/src/main/java/ac/grim/grimac/platform/bukkit/utils/reflection/PaperUtils.java	unchanged	ec527e239ddd925487fe86f5ee9758b0715dbfd8	ec527e239ddd925487fe86f5ee9758b0715dbfd8
bukkit/src/main/java/ac/grim/grimac/platform/bukkit/world/BukkitPlatformChunk.java	unchanged	8d56c790854c190c815667d2b190a21f693ee378	8d56c790854c190c815667d2b190a21f693ee378
bukkit/src/main/java/ac/grim/grimac/platform/bukkit/world/BukkitPlatformWorld.java	unchanged	43695a9af413627962a87711b9f72e04cf0a01b3	43695a9af413627962a87711b9f72e04cf0a01b3
cliff.toml	unchanged	f84d0d0ea02f36d266a732772243ae19bc5253f3	f84d0d0ea02f36d266a732772243ae19bc5253f3
common/build.gradle.kts	modified	129b6947c927e4cf71676eac9242cab8879c9b98	925e069e545c4de613f3b0473e1e3844a9c2f8ac
common/src/main/java/ac/grim/grimac/GrimAPI.java	unchanged	372cc002197d39b009cf7faa0e082b191fdc7960	372cc002197d39b009cf7faa0e082b191fdc7960
common/src/main/java/ac/grim/grimac/GrimExternalAPI.java	unchanged	ff93cf762985e382c22535a3eecee537a9d827e3	ff93cf762985e382c22535a3eecee537a9d827e3
common/src/main/java/ac/grim/grimac/checks/Check.java	modified	46e4a97f97d1bf776346b515d19a1763a4ccd064	1d42cf2059346a36207ca8dd5d0455204db73072
common/src/main/java/ac/grim/grimac/checks/CheckData.java	unchanged	5b131e0ae57f9581338d423d14239d1c4fdbb2bb	5b131e0ae57f9581338d423d14239d1c4fdbb2bb
common/src/main/java/ac/grim/grimac/checks/GrimProcessor.java	unchanged	0d3ba259e76d96d55accf01a3d97ba07d2ff6457	0d3ba259e76d96d55accf01a3d97ba07d2ff6457
common/src/main/java/ac/grim/grimac/checks/debug/AbstractDebugHandler.java	unchanged	b1a37e4862afe6426aeba3a0f00d0719c397e28a	b1a37e4862afe6426aeba3a0f00d0719c397e28a
common/src/main/java/ac/grim/grimac/checks/impl/aim/AimDuplicateLook.java	unchanged	1b6178382093d5be7003815f455c12a734021f10	1b6178382093d5be7003815f455c12a734021f10
common/src/main/java/ac/grim/grimac/checks/impl/aim/AimModulo360.java	unchanged	c403f0dbc5fbe1b085409a9953ab7f60eb68edd1	c403f0dbc5fbe1b085409a9953ab7f60eb68edd1
common/src/main/java/ac/grim/grimac/checks/impl/aim/processor/AimProcessor.java	unchanged	1f86ebeb5b48e3f49ab553efe00e50f96641a217	1f86ebeb5b48e3f49ab553efe00e50f96641a217
common/src/main/java/ac/grim/grimac/checks/impl/badpackets/BadPacketsA.java	unchanged	6839e8b9cbe02d93d308d90bc3099c19a7c6c1e6	6839e8b9cbe02d93d308d90bc3099c19a7c6c1e6
common/src/main/java/ac/grim/grimac/checks/impl/badpackets/BadPacketsB.java	unchanged	ed38ba32edd0929a6288f43312401f21f316c3c8	ed38ba32edd0929a6288f43312401f21f316c3c8
common/src/main/java/ac/grim/grimac/checks/impl/badpackets/BadPacketsC.java	unchanged	365af91fdb443cf667dfd6ff70713f099aadcd72	365af91fdb443cf667dfd6ff70713f099aadcd72
common/src/main/java/ac/grim/grimac/checks/impl/badpackets/BadPacketsD.java	unchanged	02754ed2450f20a92f8416549d68d0e668e6de44	02754ed2450f20a92f8416549d68d0e668e6de44
common/src/main/java/ac/grim/grimac/checks/impl/badpackets/BadPacketsE.java	unchanged	9e39fe4ca28305530655b77f1be1cc8ac78dae07	9e39fe4ca28305530655b77f1be1cc8ac78dae07
common/src/main/java/ac/grim/grimac/checks/impl/badpackets/BadPacketsF.java	unchanged	c81724a48610b788fb19b54b88e8164316f306dd	c81724a48610b788fb19b54b88e8164316f306dd
common/src/main/java/ac/grim/grimac/checks/impl/badpackets/BadPacketsG.java	unchanged	36abc6af8002737554aea9091a41e3bb8345bc27	36abc6af8002737554aea9091a41e3bb8345bc27
common/src/main/java/ac/grim/grimac/checks/impl/badpackets/BadPacketsH.java	unchanged	2a3c932021024a9a4964c864d6456aaf5bd7a0af	2a3c932021024a9a4964c864d6456aaf5bd7a0af
common/src/main/java/ac/grim/grimac/checks/impl/badpackets/BadPacketsI.java	unchanged	51286c10f301ecc5d7dcba83ac2c6fcb4331163e	51286c10f301ecc5d7dcba83ac2c6fcb4331163e
common/src/main/java/ac/grim/grimac/checks/impl/badpackets/BadPacketsJ.java	unchanged	1e242126392f0c5676663dc5675c52ebe0e1154f	1e242126392f0c5676663dc5675c52ebe0e1154f
common/src/main/java/ac/grim/grimac/checks/impl/badpackets/BadPacketsK.java	unchanged	c9902de8e8d0a697de34ef89e806cf167806f22b	c9902de8e8d0a697de34ef89e806cf167806f22b
common/src/main/java/ac/grim/grimac/checks/impl/badpackets/BadPacketsL.java	unchanged	9f8d58d9babf60f872f2f2a544549ece9531416f	9f8d58d9babf60f872f2f2a544549ece9531416f
common/src/main/java/ac/grim/grimac/checks/impl/badpackets/BadPacketsM.java	unchanged	30f6cf4a5f305105ffa8d878e2e0eaf8c823c318	30f6cf4a5f305105ffa8d878e2e0eaf8c823c318
common/src/main/java/ac/grim/grimac/checks/impl/badpackets/BadPacketsN.java	unchanged	c2ac42a5cedc86921c52310f8d63a42d315af63b	c2ac42a5cedc86921c52310f8d63a42d315af63b
common/src/main/java/ac/grim/grimac/checks/impl/badpackets/BadPacketsO.java	unchanged	9010fc28f2bb8ef183bd939c3a8380556817c557	9010fc28f2bb8ef183bd939c3a8380556817c557
common/src/main/java/ac/grim/grimac/checks/impl/badpackets/BadPacketsP.java	unchanged	78df5f62e2eff98b03ffe487464a53b150e3f6db	78df5f62e2eff98b03ffe487464a53b150e3f6db
common/src/main/java/ac/grim/grimac/checks/impl/badpackets/BadPacketsQ.java	unchanged	6192615c02d3c854f8f50b243f5c24dd8c450e55	6192615c02d3c854f8f50b243f5c24dd8c450e55
common/src/main/java/ac/grim/grimac/checks/impl/badpackets/BadPacketsR.java	unchanged	1110ed4c6af7f5c9adb807c2202db3e4a62771f4	1110ed4c6af7f5c9adb807c2202db3e4a62771f4
common/src/main/java/ac/grim/grimac/checks/impl/badpackets/BadPacketsS.java	unchanged	2fb246bccbb85c019f7cd33915c6cc459918c95d	2fb246bccbb85c019f7cd33915c6cc459918c95d
common/src/main/java/ac/grim/grimac/checks/impl/badpackets/BadPacketsU.java	unchanged	a5627fe4eb213ea67d7543c40782fad91c907c22	a5627fe4eb213ea67d7543c40782fad91c907c22
common/src/main/java/ac/grim/grimac/checks/impl/badpackets/BadPacketsV.java	unchanged	9164d00dbfb95d719226f1239804beb7627d6b56	9164d00dbfb95d719226f1239804beb7627d6b56
common/src/main/java/ac/grim/grimac/checks/impl/badpackets/BadPacketsX.java	unchanged	406f46cf0c2c3c0bd921ed4f4c5943d24c7ed7df	406f46cf0c2c3c0bd921ed4f4c5943d24c7ed7df
common/src/main/java/ac/grim/grimac/checks/impl/badpackets/BadPacketsY.java	unchanged	90df2f8ddf6061df448fe0abd84202efe0f10591	90df2f8ddf6061df448fe0abd84202efe0f10591
common/src/main/java/ac/grim/grimac/checks/impl/badpackets/BadPacketsZ.java	unchanged	fc6f61c187be60b72e531911f57b075429b67048	fc6f61c187be60b72e531911f57b075429b67048
common/src/main/java/ac/grim/grimac/checks/impl/baritone/Baritone.java	unchanged	e201a2561f0a6fcef050925c7bb0c884d5e7ee51	e201a2561f0a6fcef050925c7bb0c884d5e7ee51
common/src/main/java/ac/grim/grimac/checks/impl/breaking/AirLiquidBreak.java	unchanged	a819a14762ccf3a0381ef8cdf34753374b982679	a819a14762ccf3a0381ef8cdf34753374b982679
common/src/main/java/ac/grim/grimac/checks/impl/breaking/FarBreak.java	unchanged	62e437e01a3da4e73f168edae56010f4b7f76f76	62e437e01a3da4e73f168edae56010f4b7f76f76
common/src/main/java/ac/grim/grimac/checks/impl/breaking/FastBreak.java	unchanged	dd3e6f055955c5aa9c8497e7e1b408d6b959521b	dd3e6f055955c5aa9c8497e7e1b408d6b959521b
common/src/main/java/ac/grim/grimac/checks/impl/breaking/InvalidBreak.java	unchanged	6125c6c873ca5ed1376ea94c2bf150108f6065d7	6125c6c873ca5ed1376ea94c2bf150108f6065d7
common/src/main/java/ac/grim/grimac/checks/impl/breaking/MultiBreak.java	unchanged	fdf39a6f6580bac9a9b38ba053c3cb4c4f36d31a	fdf39a6f6580bac9a9b38ba053c3cb4c4f36d31a
common/src/main/java/ac/grim/grimac/checks/impl/breaking/NoSwingBreak.java	unchanged	1e5ed95f13170adbd8902dc1ee5964ad0526f84b	1e5ed95f13170adbd8902dc1ee5964ad0526f84b
common/src/main/java/ac/grim/grimac/checks/impl/breaking/PositionBreakA.java	unchanged	6643f0997fefd928887548d7ce421cb11febb59a	6643f0997fefd928887548d7ce421cb11febb59a
common/src/main/java/ac/grim/grimac/checks/impl/breaking/PositionBreakB.java	unchanged	97b2759db328059f5b643d071eb71d642fb8594a	97b2759db328059f5b643d071eb71d642fb8594a
common/src/main/java/ac/grim/grimac/checks/impl/breaking/RotationBreak.java	unchanged	44107995a300ce2782e13273442557691eaa2f55	44107995a300ce2782e13273442557691eaa2f55
common/src/main/java/ac/grim/grimac/checks/impl/breaking/WrongBreak.java	unchanged	195243891b095e88291a5ea45c3fd4fd4890f762	195243891b095e88291a5ea45c3fd4fd4890f762
common/src/main/java/ac/grim/grimac/checks/impl/chat/ChatA.java	unchanged	fa51ef9d60e9f6eef9139c1c1bb29ce38b6e168a	fa51ef9d60e9f6eef9139c1c1bb29ce38b6e168a
common/src/main/java/ac/grim/grimac/checks/impl/chat/ChatB.java	unchanged	6b3e01dcbab87788c130ee9aa17c87e816aa39f2	6b3e01dcbab87788c130ee9aa17c87e816aa39f2
common/src/main/java/ac/grim/grimac/checks/impl/chat/ChatC.java	unchanged	bec25a226eab43356e48b5a8980897aa9933a0c5	bec25a226eab43356e48b5a8980897aa9933a0c5
common/src/main/java/ac/grim/grimac/checks/impl/chat/ChatD.java	unchanged	2a2717c197c64336345c1a7bde605711d78e8f38	2a2717c197c64336345c1a7bde605711d78e8f38
common/src/main/java/ac/grim/grimac/checks/impl/combat/Hitboxes.java	unchanged	14a547fa51382ff39ce33424bd1d3f16df67e1f2	14a547fa51382ff39ce33424bd1d3f16df67e1f2
common/src/main/java/ac/grim/grimac/checks/impl/combat/InvalidInteractCursor.java	unchanged	b6296df9d9850471bc3957d568a4f1e3e99da0c7	b6296df9d9850471bc3957d568a4f1e3e99da0c7
common/src/main/java/ac/grim/grimac/checks/impl/combat/InvalidInteractTarget.java	unchanged	8e47e99dc566f0f97c67c3bb5f07d2a3bdb35e85	8e47e99dc566f0f97c67c3bb5f07d2a3bdb35e85
common/src/main/java/ac/grim/grimac/checks/impl/combat/MultiInteractA.java	unchanged	760a572de81ff7bf11d9f636ee5e1a6f365c2985	760a572de81ff7bf11d9f636ee5e1a6f365c2985
common/src/main/java/ac/grim/grimac/checks/impl/combat/MultiInteractB.java	unchanged	e65b98bb128493c5550eab1e8752351c54f7c3cf	e65b98bb128493c5550eab1e8752351c54f7c3cf
common/src/main/java/ac/grim/grimac/checks/impl/combat/Reach.java	unchanged	bbfcec4c44651cf3ac61bf879c8b61dd37f844c7	bbfcec4c44651cf3ac61bf879c8b61dd37f844c7
common/src/main/java/ac/grim/grimac/checks/impl/combat/SelfInteract.java	unchanged	53f207a25a301b474f979f47990e2162acf2dad5	53f207a25a301b474f979f47990e2162acf2dad5
common/src/main/java/ac/grim/grimac/checks/impl/crash/CrashA.java	unchanged	5456caa204bfba4647184200ee88ddab4a6ba4d3	5456caa204bfba4647184200ee88ddab4a6ba4d3
common/src/main/java/ac/grim/grimac/checks/impl/crash/CrashB.java	unchanged	a7e1f5fa0fd9c71c5bf0c0eb637707af82e24ceb	a7e1f5fa0fd9c71c5bf0c0eb637707af82e24ceb
common/src/main/java/ac/grim/grimac/checks/impl/crash/CrashC.java	unchanged	3f55727deb0482e160d0b70aaa3aab4b6c06d458	3f55727deb0482e160d0b70aaa3aab4b6c06d458
common/src/main/java/ac/grim/grimac/checks/impl/crash/CrashD.java	unchanged	3bd892b62835c05f16f08a97add72d487bf6b602	3bd892b62835c05f16f08a97add72d487bf6b602
common/src/main/java/ac/grim/grimac/checks/impl/crash/CrashE.java	unchanged	d061b04d0c99d70525a95201de29148e9ce73e65	d061b04d0c99d70525a95201de29148e9ce73e65
common/src/main/java/ac/grim/grimac/checks/impl/crash/CrashF.java	unchanged	8dde1f573a0ec32c47376f4d528f00c3a70c1c01	8dde1f573a0ec32c47376f4d528f00c3a70c1c01
common/src/main/java/ac/grim/grimac/checks/impl/crash/CrashG.java	unchanged	99d6e547cf1aa5a5a912f845fcc0bf0be3096f97	99d6e547cf1aa5a5a912f845fcc0bf0be3096f97
common/src/main/java/ac/grim/grimac/checks/impl/crash/CrashH.java	unchanged	e6aa007ff3c7cc9055e15d55c3517b960ddce3d5	e6aa007ff3c7cc9055e15d55c3517b960ddce3d5
common/src/main/java/ac/grim/grimac/checks/impl/crash/CrashI.java	unchanged	de5a57920d4fc09a5a4d3ea70bbd0414c1388d99	de5a57920d4fc09a5a4d3ea70bbd0414c1388d99
common/src/main/java/ac/grim/grimac/checks/impl/elytra/ElytraA.java	unchanged	853e5e893d887156e749ea8f3a9c67a8ea2a9374	853e5e893d887156e749ea8f3a9c67a8ea2a9374
common/src/main/java/ac/grim/grimac/checks/impl/elytra/ElytraB.java	unchanged	e750aaf43443aa23b39c1c9ca19265590f5a8b52	e750aaf43443aa23b39c1c9ca19265590f5a8b52
common/src/main/java/ac/grim/grimac/checks/impl/elytra/ElytraC.java	unchanged	4d0b9a45b101ba345a839937742e5b404ef868ee	4d0b9a45b101ba345a839937742e5b404ef868ee
common/src/main/java/ac/grim/grimac/checks/impl/elytra/ElytraD.java	unchanged	8cd658db0387a16581a71c831416e2c2ba7f368b	8cd658db0387a16581a71c831416e2c2ba7f368b
common/src/main/java/ac/grim/grimac/checks/impl/elytra/ElytraE.java	unchanged	c81b2415debddb659eb0d18cc3d32122baee0d2b	c81b2415debddb659eb0d18cc3d32122baee0d2b
common/src/main/java/ac/grim/grimac/checks/impl/elytra/ElytraF.java	unchanged	1cc8632ef305418d58cde4f555a8279d2c9859cc	1cc8632ef305418d58cde4f555a8279d2c9859cc
common/src/main/java/ac/grim/grimac/checks/impl/elytra/ElytraG.java	unchanged	a63d2f5f5f7ffd34f973a0a6a79369c3b093d974	a63d2f5f5f7ffd34f973a0a6a79369c3b093d974
common/src/main/java/ac/grim/grimac/checks/impl/elytra/ElytraH.java	unchanged	12fa5fdc87d1e109c9fe846588b52988f0b6b58a	12fa5fdc87d1e109c9fe846588b52988f0b6b58a
common/src/main/java/ac/grim/grimac/checks/impl/elytra/ElytraI.java	unchanged	746136e8bd55558d8eb8b23497b6e9f019dcdbd3	746136e8bd55558d8eb8b23497b6e9f019dcdbd3
common/src/main/java/ac/grim/grimac/checks/impl/exploit/ExploitA.java	unchanged	5e6210249f3dbc4c89be139010b9fd6be4e44e85	5e6210249f3dbc4c89be139010b9fd6be4e44e85
common/src/main/java/ac/grim/grimac/checks/impl/exploit/ExploitB.java	unchanged	ae60f1875118e9b695c30debcebdffda59274d17	ae60f1875118e9b695c30debcebdffda59274d17
common/src/main/java/ac/grim/grimac/checks/impl/flight/FlightA.java	unchanged	10fcf1c94c16f0a7413393c8df3e5f9c5ce5aef0	10fcf1c94c16f0a7413393c8df3e5f9c5ce5aef0
common/src/main/java/ac/grim/grimac/checks/impl/groundspoof/NoFall.java	unchanged	06fdc7cd17ea909b3f517117d3d8f19006fa0b49	06fdc7cd17ea909b3f517117d3d8f19006fa0b49
common/src/main/java/ac/grim/grimac/checks/impl/misc/ClientBrand.java	unchanged	36e0ff8aeac83ef4013e44f41be90e8430660000	36e0ff8aeac83ef4013e44f41be90e8430660000
common/src/main/java/ac/grim/grimac/checks/impl/misc/GhostBlockMitigation.java	unchanged	4c4aa66ae8541d318ef8f9863ff16eb8f20e45ac	4c4aa66ae8541d318ef8f9863ff16eb8f20e45ac
common/src/main/java/ac/grim/grimac/checks/impl/misc/Post.java	unchanged	133318bb0a0a4246be7d4a917462ea9f57225b77	133318bb0a0a4246be7d4a917462ea9f57225b77
common/src/main/java/ac/grim/grimac/checks/impl/misc/TransactionOrder.java	unchanged	e083fc3557c394faeac2c238c1d520e4c2be07a1	e083fc3557c394faeac2c238c1d520e4c2be07a1
common/src/main/java/ac/grim/grimac/checks/impl/movement/NoSlow.java	unchanged	7d2be03bfd69fdd96d858865814071ea2303d9ce	7d2be03bfd69fdd96d858865814071ea2303d9ce
common/src/main/java/ac/grim/grimac/checks/impl/movement/PredictionRunner.java	unchanged	1a5e08936d97fbfe5e0c70a13343a5d217c57a7b	1a5e08936d97fbfe5e0c70a13343a5d217c57a7b
common/src/main/java/ac/grim/grimac/checks/impl/movement/SetbackBlocker.java	unchanged	14199e69555921addf56cfc4f0284b1d934e8978	14199e69555921addf56cfc4f0284b1d934e8978
common/src/main/java/ac/grim/grimac/checks/impl/movement/VehiclePredictionRunner.java	unchanged	ee9c5e102cdbc3c4e7bcdbcda3366a26e9d2fb3a	ee9c5e102cdbc3c4e7bcdbcda3366a26e9d2fb3a
common/src/main/java/ac/grim/grimac/checks/impl/multiactions/MultiActionsA.java	unchanged	7f9775e905a02804e72fc3d468ac9cd43cb11095	7f9775e905a02804e72fc3d468ac9cd43cb11095
common/src/main/java/ac/grim/grimac/checks/impl/multiactions/MultiActionsB.java	unchanged	a9e26ca492ceee4a29c8da5de7138cc723372b60	a9e26ca492ceee4a29c8da5de7138cc723372b60
common/src/main/java/ac/grim/grimac/checks/impl/multiactions/MultiActionsC.java	unchanged	60376a69bf9bbf1fe8a6d181136d5ae49684339d	60376a69bf9bbf1fe8a6d181136d5ae49684339d
common/src/main/java/ac/grim/grimac/checks/impl/multiactions/MultiActionsD.java	unchanged	a49a4cba8787907e520aaf90eea2d0922d912985	a49a4cba8787907e520aaf90eea2d0922d912985
common/src/main/java/ac/grim/grimac/checks/impl/multiactions/MultiActionsE.java	unchanged	a95ea637dddada3257a90a7913b1d86855742829	a95ea637dddada3257a90a7913b1d86855742829
common/src/main/java/ac/grim/grimac/checks/impl/multiactions/MultiActionsF.java	unchanged	82e13182ae197ba13258b50698ba56105c4e38ea	82e13182ae197ba13258b50698ba56105c4e38ea
common/src/main/java/ac/grim/grimac/checks/impl/multiactions/MultiActionsG.java	unchanged	318037559a598fcb846a81ae58c787fcb8979944	318037559a598fcb846a81ae58c787fcb8979944
common/src/main/java/ac/grim/grimac/checks/impl/packetorder/PacketOrderA.java	unchanged	14343e6b3d563943347cb8461f39703096f0c3c5	14343e6b3d563943347cb8461f39703096f0c3c5
common/src/main/java/ac/grim/grimac/checks/impl/packetorder/PacketOrderB.java	unchanged	4f9c48abcd6eb7d1c083ddbeb4ce42f761272fe5	4f9c48abcd6eb7d1c083ddbeb4ce42f761272fe5
common/src/main/java/ac/grim/grimac/checks/impl/packetorder/PacketOrderC.java	unchanged	87ea4f925c6030d6f249c5a5776266f527f72815	87ea4f925c6030d6f249c5a5776266f527f72815
common/src/main/java/ac/grim/grimac/checks/impl/packetorder/PacketOrderD.java	unchanged	ae330752a8552893d71f88f8ead2d20190646a92	ae330752a8552893d71f88f8ead2d20190646a92
common/src/main/java/ac/grim/grimac/checks/impl/packetorder/PacketOrderE.java	unchanged	582f10bf94ba20251cf01561fa045c6131d68369	582f10bf94ba20251cf01561fa045c6131d68369
common/src/main/java/ac/grim/grimac/checks/impl/packetorder/PacketOrderF.java	unchanged	998607d0f4008fd70da5855255218727a2bc50d4	998607d0f4008fd70da5855255218727a2bc50d4
common/src/main/java/ac/grim/grimac/checks/impl/packetorder/PacketOrderG.java	unchanged	e64f946ccfc384722a662a3419ed32453d188df3	e64f946ccfc384722a662a3419ed32453d188df3
common/src/main/java/ac/grim/grimac/checks/impl/packetorder/PacketOrderH.java	modified	c726cfbd725da6f7247254c925170120bfdc095c	cd43e6dc61f2005abf948a4aff61555b1d8c84a2
common/src/main/java/ac/grim/grimac/checks/impl/packetorder/PacketOrderI.java	unchanged	3a1a16bc40f3040b6b2c6270818841dbb7f3ab3d	3a1a16bc40f3040b6b2c6270818841dbb7f3ab3d
common/src/main/java/ac/grim/grimac/checks/impl/packetorder/PacketOrderJ.java	unchanged	6bcc8caa6c49e973f0a93428c13fa74cbe84f9c0	6bcc8caa6c49e973f0a93428c13fa74cbe84f9c0
common/src/main/java/ac/grim/grimac/checks/impl/packetorder/PacketOrderK.java	unchanged	f1c73df86703e65082211a4a385eed9cce8beb2d	f1c73df86703e65082211a4a385eed9cce8beb2d
common/src/main/java/ac/grim/grimac/checks/impl/packetorder/PacketOrderL.java	unchanged	cf9b4b444fc466414fd2affdce396c383767c8fb	cf9b4b444fc466414fd2affdce396c383767c8fb
common/src/main/java/ac/grim/grimac/checks/impl/packetorder/PacketOrderM.java	unchanged	1ef7260b6677a038cc0d052aa66161dd214064be	1ef7260b6677a038cc0d052aa66161dd214064be
common/src/main/java/ac/grim/grimac/checks/impl/packetorder/PacketOrderN.java	unchanged	8c287506772ea122f51c62f4cad80fbf58f63f68	8c287506772ea122f51c62f4cad80fbf58f63f68
common/src/main/java/ac/grim/grimac/checks/impl/packetorder/PacketOrderO.java	unchanged	5deb0e1cb28f9ca7bb5a0d6ea2e67798b04154c7	5deb0e1cb28f9ca7bb5a0d6ea2e67798b04154c7
common/src/main/java/ac/grim/grimac/checks/impl/packetorder/PacketOrderP.java	unchanged	fd1a42ab80e4bfcdfdbcdb0f42b4af28285630ae	fd1a42ab80e4bfcdfdbcdb0f42b4af28285630ae
common/src/main/java/ac/grim/grimac/checks/impl/packetorder/PacketOrderProcessor.java	unchanged	91aa653a1ce30d43e2e52b39a24f8b17f78b50ed	91aa653a1ce30d43e2e52b39a24f8b17f78b50ed
common/src/main/java/ac/grim/grimac/checks/impl/prediction/DebugHandler.java	unchanged	994aa3ea415d87107d76ecc85365a89121a6a17d	994aa3ea415d87107d76ecc85365a89121a6a17d
common/src/main/java/ac/grim/grimac/checks/impl/prediction/GroundSpoof.java	unchanged	43aa07ef1d8a72507ec3008cf1fd3efed182ebca	43aa07ef1d8a72507ec3008cf1fd3efed182ebca
common/src/main/java/ac/grim/grimac/checks/impl/prediction/OffsetHandler.java	unchanged	50bee91f38ebb59a8ddb9a1255968e4dbae62394	50bee91f38ebb59a8ddb9a1255968e4dbae62394
common/src/main/java/ac/grim/grimac/checks/impl/prediction/Phase.java	unchanged	0d3fe667e3663e85b25bee329a72f28d7baaafa0	0d3fe667e3663e85b25bee329a72f28d7baaafa0
common/src/main/java/ac/grim/grimac/checks/impl/scaffolding/AirLiquidPlace.java	unchanged	05639f96c56bcbb643c2e59bb27a4fdc447bac76	05639f96c56bcbb643c2e59bb27a4fdc447bac76
common/src/main/java/ac/grim/grimac/checks/impl/scaffolding/DuplicateRotPlace.java	unchanged	53b24310c0ec9f0626561c536cb0a7e8ff585001	53b24310c0ec9f0626561c536cb0a7e8ff585001
common/src/main/java/ac/grim/grimac/checks/impl/scaffolding/FabricatedPlace.java	unchanged	c8c81c981bdf8380f0fbb99afa316a00bef02061	c8c81c981bdf8380f0fbb99afa316a00bef02061
common/src/main/java/ac/grim/grimac/checks/impl/scaffolding/FarPlace.java	unchanged	688caaacfe16162eb7da2aaa4023e918a4d4ea59	688caaacfe16162eb7da2aaa4023e918a4d4ea59
common/src/main/java/ac/grim/grimac/checks/impl/scaffolding/InvalidPlaceCursor.java	unchanged	0c306e454dac9e63eb579737dfcb46b5062f9049	0c306e454dac9e63eb579737dfcb46b5062f9049
common/src/main/java/ac/grim/grimac/checks/impl/scaffolding/InvalidPlaceFace.java	unchanged	80df5699cf26b089a455f5324cc58675fb6b4ab5	80df5699cf26b089a455f5324cc58675fb6b4ab5
common/src/main/java/ac/grim/grimac/checks/impl/scaffolding/MultiPlace.java	unchanged	f0aa49983c5bad71ebd37fb92a645cd97f4c1b26	f0aa49983c5bad71ebd37fb92a645cd97f4c1b26
common/src/main/java/ac/grim/grimac/checks/impl/scaffolding/PositionPlace.java	unchanged	8fc87ab92af5bc4a1377200a3a147c97a549557f	8fc87ab92af5bc4a1377200a3a147c97a549557f
common/src/main/java/ac/grim/grimac/checks/impl/scaffolding/RotationPlace.java	unchanged	b14aa2ce587ce8b195851e02bc9aa4625691f854	b14aa2ce587ce8b195851e02bc9aa4625691f854
common/src/main/java/ac/grim/grimac/checks/impl/sprint/SprintA.java	unchanged	2c20e56e63558e03c220f23c788a4cd02e5f8c9e	2c20e56e63558e03c220f23c788a4cd02e5f8c9e
common/src/main/java/ac/grim/grimac/checks/impl/sprint/SprintB.java	unchanged	95941d7eb61387d576b333dc018b48500b823912	95941d7eb61387d576b333dc018b48500b823912
common/src/main/java/ac/grim/grimac/checks/impl/sprint/SprintC.java	unchanged	d3be50f82418a0e53f691780d67e007213bbe9df	d3be50f82418a0e53f691780d67e007213bbe9df
common/src/main/java/ac/grim/grimac/checks/impl/sprint/SprintD.java	unchanged	4fcc5a86856c0194f588f7e50856794a22b848cd	4fcc5a86856c0194f588f7e50856794a22b848cd
common/src/main/java/ac/grim/grimac/checks/impl/sprint/SprintE.java	unchanged	a4ddb50dfce8d00c4c82b27e19aff09f9b587371	a4ddb50dfce8d00c4c82b27e19aff09f9b587371
common/src/main/java/ac/grim/grimac/checks/impl/sprint/SprintF.java	unchanged	328aecc0347d79f11d2156d02cf1b184ccf75a86	328aecc0347d79f11d2156d02cf1b184ccf75a86
common/src/main/java/ac/grim/grimac/checks/impl/sprint/SprintG.java	unchanged	2fba5a83619f691592231d39a1874b28ecedbb5f	2fba5a83619f691592231d39a1874b28ecedbb5f
common/src/main/java/ac/grim/grimac/checks/impl/timer/NegativeTimer.java	unchanged	ee3a19600057c49f573fa42af0d298442cd30ac8	ee3a19600057c49f573fa42af0d298442cd30ac8
common/src/main/java/ac/grim/grimac/checks/impl/timer/TickTimer.java	unchanged	68d87fce44a44f6447bb7153c167c5bc79a66807	68d87fce44a44f6447bb7153c167c5bc79a66807
common/src/main/java/ac/grim/grimac/checks/impl/timer/Timer.java	unchanged	0bd035e0e0c8ca57fc28802b1f3664d1c932dbaf	0bd035e0e0c8ca57fc28802b1f3664d1c932dbaf
common/src/main/java/ac/grim/grimac/checks/impl/timer/TimerLimit.java	unchanged	1037b9ff95f95278695ae096cc73dc6ee06e5cda	1037b9ff95f95278695ae096cc73dc6ee06e5cda
common/src/main/java/ac/grim/grimac/checks/impl/timer/VehicleTimer.java	unchanged	559b2f0386ad0acb8469f45416aa6f25c42b86a5	559b2f0386ad0acb8469f45416aa6f25c42b86a5
common/src/main/java/ac/grim/grimac/checks/impl/vehicle/VehicleA.java	unchanged	d7a85777407a0531b18ffad3025fdf1d3babec3f	d7a85777407a0531b18ffad3025fdf1d3babec3f
common/src/main/java/ac/grim/grimac/checks/impl/vehicle/VehicleB.java	unchanged	07a132022ebb177298824ff86c783e9505981bcf	07a132022ebb177298824ff86c783e9505981bcf
common/src/main/java/ac/grim/grimac/checks/impl/vehicle/VehicleC.java	unchanged	7d1fe9160ed31795eae3d33d0086c7022e44996f	7d1fe9160ed31795eae3d33d0086c7022e44996f
common/src/main/java/ac/grim/grimac/checks/impl/vehicle/VehicleD.java	unchanged	b3e217d1ad2517aa64d3338fce23badb451d63f5	b3e217d1ad2517aa64d3338fce23badb451d63f5
common/src/main/java/ac/grim/grimac/checks/impl/vehicle/VehicleE.java	unchanged	f30cbb1ab3b51724509c6aceba71b303cfb6fb0c	f30cbb1ab3b51724509c6aceba71b303cfb6fb0c
common/src/main/java/ac/grim/grimac/checks/impl/vehicle/VehicleF.java	unchanged	ed3d56bb9a3a22118849d6ac1dfeaa77d3fdd93f	ed3d56bb9a3a22118849d6ac1dfeaa77d3fdd93f
common/src/main/java/ac/grim/grimac/checks/impl/velocity/ExplosionHandler.java	unchanged	48d26833be8221744f6c19b771f385f856366e52	48d26833be8221744f6c19b771f385f856366e52
common/src/main/java/ac/grim/grimac/checks/impl/velocity/KnockbackHandler.java	unchanged	e38be50c1762beda40f37494759f61e6fdb430a3	e38be50c1762beda40f37494759f61e6fdb430a3
common/src/main/java/ac/grim/grimac/checks/impl/velocity/VectorPrecisionConverter.java	unchanged	d763b18cbdb4e190b271e65681afd9c4234dde1f	d763b18cbdb4e190b271e65681afd9c4234dde1f
common/src/main/java/ac/grim/grimac/checks/impl/verbose/VerboseCodecs.java	unchanged	88e044f153feda806775c2903a22048fd27d5cd2	88e044f153feda806775c2903a22048fd27d5cd2
common/src/main/java/ac/grim/grimac/checks/type/BlockBreakListener.java	unchanged	de80266e17f74bf337f9c8011247101c10d25080	de80266e17f74bf337f9c8011247101c10d25080
common/src/main/java/ac/grim/grimac/checks/type/BlockPlaceCheck.java	unchanged	bc96ae789a9dbe968f0c92906cc7a7fc0b2ff36c	bc96ae789a9dbe968f0c92906cc7a7fc0b2ff36c
common/src/main/java/ac/grim/grimac/checks/type/BlockPlaceListener.java	unchanged	f4a1d906e9c714353712e73638842617d8cceeab	f4a1d906e9c714353712e73638842617d8cceeab
common/src/main/java/ac/grim/grimac/checks/type/PacketReceiveListener.java	unchanged	45c80a8e5092eafd58e3e9948950d75d182dcf52	45c80a8e5092eafd58e3e9948950d75d182dcf52
common/src/main/java/ac/grim/grimac/checks/type/PacketSendListener.java	unchanged	67035148b96dfa584cd33891958557519621ffec	67035148b96dfa584cd33891958557519621ffec
common/src/main/java/ac/grim/grimac/checks/type/PositionListener.java	unchanged	27361d1171b7aabe4ce831142d147c22daf81d51	27361d1171b7aabe4ce831142d147c22daf81d51
common/src/main/java/ac/grim/grimac/checks/type/PostFlyingBlockBreakListener.java	unchanged	1186a204f3709668b864aab9c591b5c305f74943	1186a204f3709668b864aab9c591b5c305f74943
common/src/main/java/ac/grim/grimac/checks/type/PostFlyingBlockPlaceListener.java	unchanged	75799c09cdefda7ba6f7796d0dd35491a2ead335	75799c09cdefda7ba6f7796d0dd35491a2ead335
common/src/main/java/ac/grim/grimac/checks/type/PostPredictionListener.java	unchanged	ea44ceb05a0e7384e31cd855d1971d7fe085d2ed	ea44ceb05a0e7384e31cd855d1971d7fe085d2ed
common/src/main/java/ac/grim/grimac/checks/type/PrePredictionPacketReceiveListener.java	unchanged	3ed7d7d153ddd14cbc126a7b3ac5ad5efdda9057	3ed7d7d153ddd14cbc126a7b3ac5ad5efdda9057
common/src/main/java/ac/grim/grimac/checks/type/PreViaPacketReceiveListener.java	unchanged	06807b003d7b4c2c138581571a7f758358d28923	06807b003d7b4c2c138581571a7f758358d28923
common/src/main/java/ac/grim/grimac/checks/type/PreViaPacketSendListener.java	unchanged	ba71eaca5e5e17d1b6ffb5bac3dc7e692ee428cd	ba71eaca5e5e17d1b6ffb5bac3dc7e692ee428cd
common/src/main/java/ac/grim/grimac/checks/type/RotationListener.java	unchanged	dfc43709ada7d7aaa282935b4c42e5ca35f9b6e5	dfc43709ada7d7aaa282935b4c42e5ca35f9b6e5
common/src/main/java/ac/grim/grimac/checks/type/VehicleListener.java	unchanged	b48a91d74ee2a98f7430ff24963568f64a544b36	b48a91d74ee2a98f7430ff24963568f64a544b36
common/src/main/java/ac/grim/grimac/command/BuildableCommand.java	unchanged	b3cd4668d906a6220de1594a962137c6be401c84	b3cd4668d906a6220de1594a962137c6be401c84
common/src/main/java/ac/grim/grimac/command/CloudCommandService.java	modified	92e9ff1035f9dec3340a7a99e963daa5c1a8d664	2b906abbd7591bffd5f4b73e5c94a72964cadd7f
common/src/main/java/ac/grim/grimac/command/CommandUtils.java	unchanged	3fc74a85cb00b1365921d318857b8e848b0439fc	3fc74a85cb00b1365921d318857b8e848b0439fc
common/src/main/java/ac/grim/grimac/command/SenderRequirement.java	unchanged	d4c03d1185f60c8265d37eeaf66ed31d7c20441f	d4c03d1185f60c8265d37eeaf66ed31d7c20441f
common/src/main/java/ac/grim/grimac/command/commands/GrimAlerts.java	unchanged	51678f0b24daaf1a47aa1abdab528aa5be71c8fe	51678f0b24daaf1a47aa1abdab528aa5be71c8fe
common/src/main/java/ac/grim/grimac/command/commands/GrimBrands.java	unchanged	c4844f166553eb7bf03928953ed133984118bda9	c4844f166553eb7bf03928953ed133984118bda9
common/src/main/java/ac/grim/grimac/command/commands/GrimDebug.java	unchanged	fcc31ca8706f3f1742ed15dadacf49ebf868c056	fcc31ca8706f3f1742ed15dadacf49ebf868c056
common/src/main/java/ac/grim/grimac/command/commands/GrimDump.java	unchanged	c8110cd824d6d95c8e67c780ce48291ddb703ed7	c8110cd824d6d95c8e67c780ce48291ddb703ed7
common/src/main/java/ac/grim/grimac/command/commands/GrimHelp.java	unchanged	b7ee8a13bd8e4acb2d643d3df52d2b0a6c0ad27a	b7ee8a13bd8e4acb2d643d3df52d2b0a6c0ad27a
common/src/main/java/ac/grim/grimac/command/commands/GrimHistory.java	unchanged	b43cf3d901eb8ad44342f168eac8478e3157eb70	b43cf3d901eb8ad44342f168eac8478e3157eb70
common/src/main/java/ac/grim/grimac/command/commands/GrimHistoryCopy.java	unchanged	f49832a58bd4ea1c4aadeb21704331517fab1300	f49832a58bd4ea1c4aadeb21704331517fab1300
common/src/main/java/ac/grim/grimac/command/commands/GrimHistoryMigrate.java	unchanged	973e69e62dbc6687ddcb0616554e7ddf6a1ab3e4	973e69e62dbc6687ddcb0616554e7ddf6a1ab3e4
common/src/main/java/ac/grim/grimac/command/commands/GrimList.java	unchanged	aa1e043c869cc5f52924cf92cd2ab6ab5f2687f6	aa1e043c869cc5f52924cf92cd2ab6ab5f2687f6
common/src/main/java/ac/grim/grimac/command/commands/GrimLog.java	unchanged	7c21e2d857424c0118ff98e7ce6a806c35b82ee0	7c21e2d857424c0118ff98e7ce6a806c35b82ee0
common/src/main/java/ac/grim/grimac/command/commands/GrimPerf.java	unchanged	ca868fd3df8b54884600f77720b1fac94acca1ba	ca868fd3df8b54884600f77720b1fac94acca1ba
common/src/main/java/ac/grim/grimac/command/commands/GrimProfile.java	unchanged	c1154a59e53823fd1cf037c2d8c36b63885027f3	c1154a59e53823fd1cf037c2d8c36b63885027f3
common/src/main/java/ac/grim/grimac/command/commands/GrimReload.java	unchanged	c78f69dcf0e1a70ceff0dcf53c6aadaf9f7e3583	c78f69dcf0e1a70ceff0dcf53c6aadaf9f7e3583
common/src/main/java/ac/grim/grimac/command/commands/GrimSendAlert.java	unchanged	c4d242ce6e386194c7374fcfe72bdda6fa283b0b	c4d242ce6e386194c7374fcfe72bdda6fa283b0b
common/src/main/java/ac/grim/grimac/command/commands/GrimSpectate.java	unchanged	dbc047248547940368ac3cc12036b0b2471ae55f	dbc047248547940368ac3cc12036b0b2471ae55f
common/src/main/java/ac/grim/grimac/command/commands/GrimStopSpectating.java	unchanged	eb6746e49edcab68d2a40a1eaaa516845056f6d3	eb6746e49edcab68d2a40a1eaaa516845056f6d3
common/src/main/java/ac/grim/grimac/command/commands/GrimTestWebhook.java	unchanged	34c9a3a6ca9dc57e85350229133ba2f7c0e1515f	34c9a3a6ca9dc57e85350229133ba2f7c0e1515f
common/src/main/java/ac/grim/grimac/command/commands/GrimVerbose.java	unchanged	6ef8937534b1dca65a7c134a59f808e3a36b5113	6ef8937534b1dca65a7c134a59f808e3a36b5113
common/src/main/java/ac/grim/grimac/command/commands/GrimVersion.java	unchanged	64ee1ff3386bdb64b7ef99b76201ff5dc11c8ca3	64ee1ff3386bdb64b7ef99b76201ff5dc11c8ca3
common/src/main/java/ac/grim/grimac/command/handler/GrimCommandFailureHandler.java	unchanged	9d29c564530cb24a2d76810858088eb2f72ea8cb	9d29c564530cb24a2d76810858088eb2f72ea8cb
common/src/main/java/ac/grim/grimac/command/render/HistoryComponentRenderer.java	unchanged	42ddd64f6a2040e8ad49daab89e27c5ad8862864	42ddd64f6a2040e8ad49daab89e27c5ad8862864
common/src/main/java/ac/grim/grimac/command/requirements/PlayerSenderRequirement.java	unchanged	d06813fd47b4186a59af4cc00c4ac043efd8ecdb	d06813fd47b4186a59af4cc00c4ac043efd8ecdb
common/src/main/java/ac/grim/grimac/events/packets/BedStateTracker.java	unchanged	5838b28db24a4718af77413988d1d1282ddaee73	5838b28db24a4718af77413988d1d1282ddaee73
common/src/main/java/ac/grim/grimac/events/packets/CheckManagerListener.java	unchanged	dec29766efa4a1888510effe6265e94cad086109	dec29766efa4a1888510effe6265e94cad086109
common/src/main/java/ac/grim/grimac/events/packets/PacketBlockAction.java	unchanged	01c5a07278f24d7df4731c22062817c60f92082b	01c5a07278f24d7df4731c22062817c60f92082b
common/src/main/java/ac/grim/grimac/events/packets/PacketChangeGameState.java	unchanged	4da3317b0e37b0223e020f83a9a6606e170b6fa1	4da3317b0e37b0223e020f83a9a6606e170b6fa1
common/src/main/java/ac/grim/grimac/events/packets/PacketEntityAction.java	unchanged	7da6b72e19c72116196a083a5caf2d9bde04e0a8	7da6b72e19c72116196a083a5caf2d9bde04e0a8
common/src/main/java/ac/grim/grimac/events/packets/PacketEntityReplication.java	unchanged	6d25e481054aaec9957b9d02837856590249224c	6d25e481054aaec9957b9d02837856590249224c
common/src/main/java/ac/grim/grimac/events/packets/PacketHidePlayerInfo.java	unchanged	8c560c5bbab0f00f157e79552510a2344cf91b55	8c560c5bbab0f00f157e79552510a2344cf91b55
common/src/main/java/ac/grim/grimac/events/packets/PacketPingListener.java	unchanged	6c19d4c39c3d86400f6a3c1209ec4d6e7f3f680c	6c19d4c39c3d86400f6a3c1209ec4d6e7f3f680c
common/src/main/java/ac/grim/grimac/events/packets/PacketPlayerAbilities.java	unchanged	782e8870521a6b01cb121ab8d31de89da403ca2a	782e8870521a6b01cb121ab8d31de89da403ca2a
common/src/main/java/ac/grim/grimac/events/packets/PacketPlayerAttack.java	unchanged	344640ab690a1c7561a564a1e3a6f497c8aa5100	344640ab690a1c7561a564a1e3a6f497c8aa5100
common/src/main/java/ac/grim/grimac/events/packets/PacketPlayerCooldown.java	unchanged	d3a3f730c9e34da4bb8f7b14d9022680e6973c4b	d3a3f730c9e34da4bb8f7b14d9022680e6973c4b
common/src/main/java/ac/grim/grimac/events/packets/PacketPlayerDigging.java	unchanged	cc9ee13ddcb394ee7af511a4b0618995dfd6c80f	cc9ee13ddcb394ee7af511a4b0618995dfd6c80f
common/src/main/java/ac/grim/grimac/events/packets/PacketPlayerJoinQuit.java	unchanged	99d74ed203bc834755084f408e72e19e222b017f	99d74ed203bc834755084f408e72e19e222b017f
common/src/main/java/ac/grim/grimac/events/packets/PacketPlayerRespawn.java	unchanged	4a2ad205dee8e0c154de36e11a2440d2745a74f1	4a2ad205dee8e0c154de36e11a2440d2745a74f1
common/src/main/java/ac/grim/grimac/events/packets/PacketPlayerSteer.java	unchanged	e304f12285b1266e87619a8c0cd1bfadde2ebeb2	e304f12285b1266e87619a8c0cd1bfadde2ebeb2
common/src/main/java/ac/grim/grimac/events/packets/PacketPlayerTick.java	unchanged	9e12a2e5339cb4f61d7897fbee56f02352761049	9e12a2e5339cb4f61d7897fbee56f02352761049
common/src/main/java/ac/grim/grimac/events/packets/PacketPluginMessage.java	unchanged	d9ef0f2fe5090220cfa96ff60a7b73e69865792e	d9ef0f2fe5090220cfa96ff60a7b73e69865792e
common/src/main/java/ac/grim/grimac/events/packets/PacketSelfMetadataListener.java	unchanged	86f5b8d9da4051da9d3dd0522073bf208059ad7e	86f5b8d9da4051da9d3dd0522073bf208059ad7e
common/src/main/java/ac/grim/grimac/events/packets/PacketServerPlayerRotation.java	unchanged	d0906d86a1c9b3731f240cbfb6e2d27e91c9fde5	d0906d86a1c9b3731f240cbfb6e2d27e91c9fde5
common/src/main/java/ac/grim/grimac/events/packets/PacketServerTags.java	unchanged	8e887cacfcf56cdbe1e240afdbeebbf1d4aa4e4f	8e887cacfcf56cdbe1e240afdbeebbf1d4aa4e4f
common/src/main/java/ac/grim/grimac/events/packets/PacketServerTeleport.java	unchanged	cdce1808381b1c2c295db06ea3a308bfb6e133d8	cdce1808381b1c2c295db06ea3a308bfb6e133d8
common/src/main/java/ac/grim/grimac/events/packets/PacketWorldBorder.java	unchanged	f5ad503210e97a6f2c9febdccc04a6f6fc4436d0	f5ad503210e97a6f2c9febdccc04a6f6fc4436d0
common/src/main/java/ac/grim/grimac/events/packets/PreViaCheckManagerListener.java	unchanged	3623ea9cb74de06ecca0d1ea630cbf060d02d757	3623ea9cb74de06ecca0d1ea630cbf060d02d757
common/src/main/java/ac/grim/grimac/events/packets/ProxyAlertMessenger.java	unchanged	e805e8bcf6d18638c24f7deff7fa2b9cbbfefd03	e805e8bcf6d18638c24f7deff7fa2b9cbbfefd03
common/src/main/java/ac/grim/grimac/events/packets/worldreader/BasePacketWorldReader.java	unchanged	4090d0d288637fa913c630458f62d2b550cab99b	4090d0d288637fa913c630458f62d2b550cab99b
common/src/main/java/ac/grim/grimac/events/packets/worldreader/PacketWorldReaderEight.java	unchanged	d27a6f39432d9268ba281a86a718842b45210e5f	d27a6f39432d9268ba281a86a718842b45210e5f
common/src/main/java/ac/grim/grimac/events/packets/worldreader/PacketWorldReaderEighteen.java	unchanged	6ee649f47d12de24295f0b76a6503f7e3a47bc82	6ee649f47d12de24295f0b76a6503f7e3a47bc82
common/src/main/java/ac/grim/grimac/manager/AlertManagerImpl.java	unchanged	a9d573bfaf622ca74aaa3cc20061eed23a09e236	a9d573bfaf622ca74aaa3cc20061eed23a09e236
common/src/main/java/ac/grim/grimac/manager/AttackCooldownHandler.java	unchanged	404d1fcc625b63eac88e53a710778b5d70992e31	404d1fcc625b63eac88e53a710778b5d70992e31
common/src/main/java/ac/grim/grimac/manager/CheckManager.java	unchanged	712a5987beadd22169e98c25dd9a8d6a6dfdf812	712a5987beadd22169e98c25dd9a8d6a6dfdf812
common/src/main/java/ac/grim/grimac/manager/DiscordManager.java	unchanged	9717c766b797fc2f3780c41fc5a35ee479570f94	9717c766b797fc2f3780c41fc5a35ee479570f94
common/src/main/java/ac/grim/grimac/manager/InitManager.java	modified	c21dea2db19e02341770de1c2ef609a56a857fbe	0a02996aa343bfe792925d63a019ef6c412abf21
common/src/main/java/ac/grim/grimac/manager/LastInstanceManager.java	unchanged	1e31963af95e897670a1dbef6b4f8c6b36e294d9	1e31963af95e897670a1dbef6b4f8c6b36e294d9
common/src/main/java/ac/grim/grimac/manager/PunishmentManager.java	unchanged	28c155552a963713a58345f37a5c554c86eb2ca2	28c155552a963713a58345f37a5c554c86eb2ca2
common/src/main/java/ac/grim/grimac/manager/SetbackTeleportUtil.java	unchanged	7efb81d7dae13ff41ad50574d6819b0d45400554	7efb81d7dae13ff41ad50574d6819b0d45400554
common/src/main/java/ac/grim/grimac/manager/SpectateManager.java	unchanged	18f3f333b8653541a9a2977e163c0598564b7dd4	18f3f333b8653541a9a2977e163c0598564b7dd4
common/src/main/java/ac/grim/grimac/manager/TickManager.java	unchanged	1c95b62f6c0cc8702dfe99fd4768c94d57f8f5e7	1c95b62f6c0cc8702dfe99fd4768c94d57f8f5e7
common/src/main/java/ac/grim/grimac/manager/ViolationHistory.java	unchanged	add1727839e2efc9b5c968a4956c1da51448256c	add1727839e2efc9b5c968a4956c1da51448256c
common/src/main/java/ac/grim/grimac/manager/config/BaseConfigManager.java	modified	2fd660158d2b941b9c925260960c84bc37f94a87	33e01aeb480fd5ab14ab7865f60286cefa985ee6
common/src/main/java/ac/grim/grimac/manager/config/ConfigManagerFileImpl.java	unchanged	a2321a5d61af6da864d717d91c7bb29ec611d5a7	a2321a5d61af6da864d717d91c7bb29ec611d5a7
common/src/main/java/ac/grim/grimac/manager/config/update/ConfigPatcher.java	unchanged	a6618ca5abf8db693ba516628bfb6f131bc675f3	a6618ca5abf8db693ba516628bfb6f131bc675f3
common/src/main/java/ac/grim/grimac/manager/config/update/ConfigUpdater.java	unchanged	2ad5b0caa37414627816e0772a649b0f27f1c69d	2ad5b0caa37414627816e0772a649b0f27f1c69d
common/src/main/java/ac/grim/grimac/manager/config/update/GrimConfigSpecs.java	unchanged	e2e62ca8909337c1fd9f0072ac23a249731c9a7d	e2e62ca8909337c1fd9f0072ac23a249731c9a7d
common/src/main/java/ac/grim/grimac/manager/config/update/MigrationContext.java	unchanged	ab0ed3928f60bd60eb89502a97d316a269eacbb0	ab0ed3928f60bd60eb89502a97d316a269eacbb0
common/src/main/java/ac/grim/grimac/manager/config/update/WriteLog.java	unchanged	4722fe78619e9e370a7896635e8e0bfc7c4ff57b	4722fe78619e9e370a7896635e8e0bfc7c4ff57b
common/src/main/java/ac/grim/grimac/manager/config/update/YamlMap.java	unchanged	ae8deb9b833c15cf628c564078e57e589c0ea57f	ae8deb9b833c15cf628c564078e57e589c0ea57f
common/src/main/java/ac/grim/grimac/manager/config/update/YamlMapImpl.java	unchanged	6a0b7263baa2e09f0e298993d88a76ccab94b855	6a0b7263baa2e09f0e298993d88a76ccab94b855
common/src/main/java/ac/grim/grimac/manager/datastore/ClientVersionResolver.java	unchanged	0541db010ef113ead3163f79f600c1097196820d	0541db010ef113ead3163f79f600c1097196820d
common/src/main/java/ac/grim/grimac/manager/datastore/DataStoreConfigBuilder.java	unchanged	82cf4c8117c7f33a1edbd96733f2dc4cadf92a37	82cf4c8117c7f33a1edbd96733f2dc4cadf92a37
common/src/main/java/ac/grim/grimac/manager/datastore/DataStoreLifecycle.java	unchanged	4a68755b122efbad767804a9f10226c2e1d24372	4a68755b122efbad767804a9f10226c2e1d24372
common/src/main/java/ac/grim/grimac/manager/datastore/IdentityLiveWriteHooks.java	unchanged	0e53697cf2e8c8922863c02eb455f6a05591df85	0e53697cf2e8c8922863c02eb455f6a05591df85
common/src/main/java/ac/grim/grimac/manager/datastore/LeaseStartupLiveness.java	unchanged	58ec827543185d728e52350e4880bf80d79e5d7f	58ec827543185d728e52350e4880bf80d79e5d7f
common/src/main/java/ac/grim/grimac/manager/datastore/LiveWriteHooks.java	unchanged	1ecf907765cd633c81c4d8e7826191d5d1a0d049	1ecf907765cd633c81c4d8e7826191d5d1a0d049
common/src/main/java/ac/grim/grimac/manager/datastore/LiveWriteHooksImpl.java	unchanged	732748368f59ca4e5382bf91c823acd82e860124	732748368f59ca4e5382bf91c823acd82e860124
common/src/main/java/ac/grim/grimac/manager/datastore/OwnershipHeartbeatScheduler.java	unchanged	43bd81ae5f1546969665f0b2cdfa7170df2ac758	43bd81ae5f1546969665f0b2cdfa7170df2ac758
common/src/main/java/ac/grim/grimac/manager/datastore/PlayerToggleStore.java	unchanged	706803be3599bd105bae755b1f0f16b86ad6c79e	706803be3599bd105bae755b1f0f16b86ad6c79e
common/src/main/java/ac/grim/grimac/manager/datastore/PlayerToggleStoreImpl.java	unchanged	e424e335b488f552d201bdd0038c65df87defbdd	e424e335b488f552d201bdd0038c65df87defbdd
common/src/main/java/ac/grim/grimac/manager/datastore/SessionTracker.java	unchanged	4f99cd02fdc074eca80d317c32d17a0152aca440	4f99cd02fdc074eca80d317c32d17a0152aca440
common/src/main/java/ac/grim/grimac/manager/datastore/SessionTrackerImpl.java	unchanged	c25428f8c06b148124bef900b16dd8ea472786e2	c25428f8c06b148124bef900b16dd8ea472786e2
common/src/main/java/ac/grim/grimac/manager/datastore/V0Sources.java	unchanged	21e5fa78e927c4420c50885681c28b7cf07eacec	21e5fa78e927c4420c50885681c28b7cf07eacec
common/src/main/java/ac/grim/grimac/manager/datastore/V2InstanceRegistry.java	unchanged	b9c8c51acee2593083b09fc4201816d5012ccc94	b9c8c51acee2593083b09fc4201816d5012ccc94
common/src/main/java/ac/grim/grimac/manager/init/Initable.java	unchanged	746fc3f451479c3cc508607ebfa82d255cd4fe4a	746fc3f451479c3cc508607ebfa82d255cd4fe4a
common/src/main/java/ac/grim/grimac/manager/init/OptionalReflectiveInitable.java	unchanged	a380c4838903f4b5a9a5a3b91f280268772c53d9	a380c4838903f4b5a9a5a3b91f280268772c53d9
common/src/main/java/ac/grim/grimac/manager/init/ReloadableInitable.java	unchanged	b70e8c71aaa95764d4eb82002728a8f49f404cd1	b70e8c71aaa95764d4eb82002728a8f49f404cd1
common/src/main/java/ac/grim/grimac/manager/init/load/LoadableInitable.java	unchanged	8b7ca5baad5dbb4c85282b2d801be6f409c8ea08	8b7ca5baad5dbb4c85282b2d801be6f409c8ea08
common/src/main/java/ac/grim/grimac/manager/init/load/PacketEventsInit.java	modified	bc0de756cc74af9f95b4ffe6e1a11a75f0195d5f	4435a2435e50f52085bf7f5c32e1a4786bee2789
common/src/main/java/ac/grim/grimac/manager/init/start/AbstractTickEndEvent.java	unchanged	9e1743a7ecc32f59ab11a782e4b2d90db06587d4	9e1743a7ecc32f59ab11a782e4b2d90db06587d4
common/src/main/java/ac/grim/grimac/manager/init/start/CommandRegister.java	unchanged	4eea1e590c344f57f16cdedd87f446d5b811777d	4eea1e590c344f57f16cdedd87f446d5b811777d
common/src/main/java/ac/grim/grimac/manager/init/start/ExemptOnlinePlayersOnReload.java	unchanged	7f0621c23d7b0aaf7e1f02a23e898ab4d6d6b154	7f0621c23d7b0aaf7e1f02a23e898ab4d6d6b154
common/src/main/java/ac/grim/grimac/manager/init/start/JavaVersion.java	unchanged	532e1bf06a99891fea1fe870432071fffddba226	532e1bf06a99891fea1fe870432071fffddba226
common/src/main/java/ac/grim/grimac/manager/init/start/PacketLimiter.java	unchanged	03fcecdff440cda109bb38f66616b366f2dc9f0f	03fcecdff440cda109bb38f66616b366f2dc9f0f
common/src/main/java/ac/grim/grimac/manager/init/start/PacketManager.java	unchanged	b6606b5d6b00e24bc9b4070a508cb223aa92bd1e	b6606b5d6b00e24bc9b4070a508cb223aa92bd1e
common/src/main/java/ac/grim/grimac/manager/init/start/StartableInitable.java	unchanged	2a5b6417a2f0cad5852c9f956db39b62fc8123b8	2a5b6417a2f0cad5852c9f956db39b62fc8123b8
common/src/main/java/ac/grim/grimac/manager/init/start/SuperDebug.java	unchanged	3f149625e930e22d5514b08266588cffd576db20	3f149625e930e22d5514b08266588cffd576db20
common/src/main/java/ac/grim/grimac/manager/init/start/TAB.java	unchanged	009c3be44edd7112e59448dd9eb9905cd7364ba3	009c3be44edd7112e59448dd9eb9905cd7364ba3
common/src/main/java/ac/grim/grimac/manager/init/start/TickRunner.java	unchanged	1ee45a4e7d425db739ec26b71d63dafbfd494f84	1ee45a4e7d425db739ec26b71d63dafbfd494f84
common/src/main/java/ac/grim/grimac/manager/init/start/UpdateChecker.java	modified	64572b0ee819d78cfc92c2507a81c485edc149fb	4bbcaffd011a998e2c49b81958383eb8e2e761fe
common/src/main/java/ac/grim/grimac/manager/init/start/ViaBackwardsManager.java	unchanged	04a66990114ac95a572b91f2511b2333ca1de89d	04a66990114ac95a572b91f2511b2333ca1de89d
common/src/main/java/ac/grim/grimac/manager/init/start/ViaVersion.java	unchanged	88f3973df7f8ffcda418bb0d564af8ad7684c20e	88f3973df7f8ffcda418bb0d564af8ad7684c20e
common/src/main/java/ac/grim/grimac/manager/init/stop/StoppableInitable.java	unchanged	9af9c1a2c2f379a9a9c2f64ea7b4e0f83b35defa	9af9c1a2c2f379a9a9c2f64ea7b4e0f83b35defa
common/src/main/java/ac/grim/grimac/manager/init/stop/TerminatePacketEvents.java	unchanged	a286aefb75ede6fceff55e64b6186b78cb924f18	a286aefb75ede6fceff55e64b6186b78cb924f18
common/src/main/java/ac/grim/grimac/manager/player/features/FeatureBuilder.java	unchanged	3e1139af61be4a0f230ee84ee6eef78f0a60ae14	3e1139af61be4a0f230ee84ee6eef78f0a60ae14
common/src/main/java/ac/grim/grimac/manager/player/features/FeatureManagerImpl.java	unchanged	c0fec19d5cabb8ca7352e8d8116618f36657fc9a	c0fec19d5cabb8ca7352e8d8116618f36657fc9a
common/src/main/java/ac/grim/grimac/manager/player/features/types/ExemptElytraFeature.java	unchanged	6ad6f158b6f68dd9416e3b50ed7504b7e1374bfa	6ad6f158b6f68dd9416e3b50ed7504b7e1374bfa
common/src/main/java/ac/grim/grimac/manager/player/features/types/ExperimentalChecksFeature.java	unchanged	dc54eabd609fdb2067237bb313fc34187c417a89	dc54eabd609fdb2067237bb313fc34187c417a89
common/src/main/java/ac/grim/grimac/manager/player/features/types/ForceSlowMovementFeature.java	unchanged	44bf46f62456c640a3fa8cb72dd81cf9ec10329d	44bf46f62456c640a3fa8cb72dd81cf9ec10329d
common/src/main/java/ac/grim/grimac/manager/player/features/types/ForceStuckSpeedFeature.java	unchanged	c7fd0e6a6b3490069d1ce5ae10a50fffe3b9e802	c7fd0e6a6b3490069d1ce5ae10a50fffe3b9e802
common/src/main/java/ac/grim/grimac/manager/player/features/types/GrimFeature.java	unchanged	2dbed8cec2b1fc7ba24d68bec9e37cd2b47c6f7c	2dbed8cec2b1fc7ba24d68bec9e37cd2b47c6f7c
common/src/main/java/ac/grim/grimac/manager/player/handlers/DefaultResyncHandler.java	unchanged	e65723bccb660ec8aef48173b44965c63771ea99	e65723bccb660ec8aef48173b44965c63771ea99
common/src/main/java/ac/grim/grimac/manager/player/handlers/NoOpResyncHandler.java	unchanged	5fef611c2d58a867fea61af2d2bcdb403e2724b5	5fef611c2d58a867fea61af2d2bcdb403e2724b5
common/src/main/java/ac/grim/grimac/manager/tick/Tickable.java	unchanged	36cafab58241ad88d96f0df84699ddb60132076c	36cafab58241ad88d96f0df84699ddb60132076c
common/src/main/java/ac/grim/grimac/manager/tick/impl/ClearRecentlyUpdatedBlocks.java	unchanged	388fd0e6d02e07bec19a45342fe8f4e6cccdad5e	388fd0e6d02e07bec19a45342fe8f4e6cccdad5e
common/src/main/java/ac/grim/grimac/manager/tick/impl/ClientVersionSetter.java	unchanged	07ac3597f58c27deffcdb3e204614b3da0ec2663	07ac3597f58c27deffcdb3e204614b3da0ec2663
common/src/main/java/ac/grim/grimac/manager/tick/impl/ResetTick.java	unchanged	1d3d1f95f9c156504ae39b221bc44db4a439c099	1d3d1f95f9c156504ae39b221bc44db4a439c099
common/src/main/java/ac/grim/grimac/manager/tick/impl/TickInventory.java	unchanged	9a708d4baee66f710613860e7356a0f0bc2e12a9	9a708d4baee66f710613860e7356a0f0bc2e12a9
common/src/main/java/ac/grim/grimac/manager/tick/impl/TickPermissions.java	unchanged	1733f63fb08a6c8a61589e4c5036a1a8b78e80e9	1733f63fb08a6c8a61589e4c5036a1a8b78e80e9
common/src/main/java/ac/grim/grimac/platform/api/Platform.java	unchanged	8ff4466ff9dfbfcefbd3875220772f7a6c4039e6	8ff4466ff9dfbfcefbd3875220772f7a6c4039e6
common/src/main/java/ac/grim/grimac/platform/api/PlatformLoader.java	unchanged	18306c3d848ebbc58e609a1f6a90f509d832e712	18306c3d848ebbc58e609a1f6a90f509d832e712
common/src/main/java/ac/grim/grimac/platform/api/PlatformPlugin.java	unchanged	fdd67fcf6c7dc729d9a346620c4f6eb8acc2c19f	fdd67fcf6c7dc729d9a346620c4f6eb8acc2c19f
common/src/main/java/ac/grim/grimac/platform/api/PlatformServer.java	unchanged	15a67864b1d2faf25f7009d4996fe3dffd9b898d	15a67864b1d2faf25f7009d4996fe3dffd9b898d
common/src/main/java/ac/grim/grimac/platform/api/command/CommandService.java	unchanged	e3d0aa9c604e665851ec22ad20fab9703fbb16c6	e3d0aa9c604e665851ec22ad20fab9703fbb16c6
common/src/main/java/ac/grim/grimac/platform/api/command/PlayerSelector.java	unchanged	0d62a2a7f5dc895d098a605cde5467895ae08c1a	0d62a2a7f5dc895d098a605cde5467895ae08c1a
common/src/main/java/ac/grim/grimac/platform/api/entity/GrimEntity.java	unchanged	95f07b2b704270b75afd770ec404139a3d0257f1	95f07b2b704270b75afd770ec404139a3d0257f1
common/src/main/java/ac/grim/grimac/platform/api/manager/ItemResetHandler.java	unchanged	394f1515460efc80c66eb21c618daffa7f6e0926	394f1515460efc80c66eb21c618daffa7f6e0926
common/src/main/java/ac/grim/grimac/platform/api/manager/MessagePlaceHolderManager.java	unchanged	d7a125bd2babfc297a2552aa944a23afe48f09fe	d7a125bd2babfc297a2552aa944a23afe48f09fe
common/src/main/java/ac/grim/grimac/platform/api/manager/PermissionRegistrationManager.java	unchanged	a735b0dbdd9bc3ce5903891bac37c75459e3f4c6	a735b0dbdd9bc3ce5903891bac37c75459e3f4c6
common/src/main/java/ac/grim/grimac/platform/api/manager/PlatformPluginManager.java	unchanged	f379da3ea5c0afd49e82eb0b5e8ea1e0def6624b	f379da3ea5c0afd49e82eb0b5e8ea1e0def6624b
common/src/main/java/ac/grim/grimac/platform/api/manager/cloud/CloudPlatformCommandArguments.java	unchanged	96395afd9eb7b58113b989c23ed1a5f9275e6909	96395afd9eb7b58113b989c23ed1a5f9275e6909
common/src/main/java/ac/grim/grimac/platform/api/permissions/PermissionDefaultValue.java	unchanged	08d7cbfc5129cb7de2a1f0ffe11172520b359086	08d7cbfc5129cb7de2a1f0ffe11172520b359086
common/src/main/java/ac/grim/grimac/platform/api/player/AbstractPlatformPlayerFactory.java	unchanged	f91399982e0b249d9ba03e0da91ca57f45d2a3e6	f91399982e0b249d9ba03e0da91ca57f45d2a3e6
common/src/main/java/ac/grim/grimac/platform/api/player/BlockTranslator.java	unchanged	d759596b82d4fc7c49e7f8adafe66bb7dfa03fce	d759596b82d4fc7c49e7f8adafe66bb7dfa03fce
common/src/main/java/ac/grim/grimac/platform/api/player/OfflinePlatformPlayer.java	unchanged	cc3f6ad596e48bcb87dcf4bc0169a211cef3d5eb	cc3f6ad596e48bcb87dcf4bc0169a211cef3d5eb
common/src/main/java/ac/grim/grimac/platform/api/player/PlatformInventory.java	unchanged	37a5b6fb54ab277e7f93b88a9ed0ccccf8bf8194	37a5b6fb54ab277e7f93b88a9ed0ccccf8bf8194
common/src/main/java/ac/grim/grimac/platform/api/player/PlatformPlayer.java	unchanged	c0826b8c8589a01ce025f8ccb128f04f8d778ee8	c0826b8c8589a01ce025f8ccb128f04f8d778ee8
common/src/main/java/ac/grim/grimac/platform/api/player/PlatformPlayerCache.java	unchanged	53fc1437c785c54ce031f12f2d1afbf021904b21	53fc1437c785c54ce031f12f2d1afbf021904b21
common/src/main/java/ac/grim/grimac/platform/api/player/PlatformPlayerFactory.java	unchanged	20201f2d06ce0917c5f6ad60cc393eaaa077e2c1	20201f2d06ce0917c5f6ad60cc393eaaa077e2c1
common/src/main/java/ac/grim/grimac/platform/api/scheduler/AsyncScheduler.java	unchanged	1f593bd0e81b5016b8040bf39cc4cab19569da36	1f593bd0e81b5016b8040bf39cc4cab19569da36
common/src/main/java/ac/grim/grimac/platform/api/scheduler/EntityScheduler.java	unchanged	05867d8135390b91ba188c051448bfdec5945403	05867d8135390b91ba188c051448bfdec5945403
common/src/main/java/ac/grim/grimac/platform/api/scheduler/GlobalRegionScheduler.java	unchanged	d528f8da9d5d11f472701be28dac03549ebb696f	d528f8da9d5d11f472701be28dac03549ebb696f
common/src/main/java/ac/grim/grimac/platform/api/scheduler/PlatformScheduler.java	unchanged	c8c66da15f0131675fdb0c5888e357408c08689d	c8c66da15f0131675fdb0c5888e357408c08689d
common/src/main/java/ac/grim/grimac/platform/api/scheduler/RegionScheduler.java	unchanged	dd295c995164a9a7f5ea86dc85a2a375f0849647	dd295c995164a9a7f5ea86dc85a2a375f0849647
common/src/main/java/ac/grim/grimac/platform/api/scheduler/TaskHandle.java	unchanged	6f0ff1be8d0ce15a8514c93133da5efda9fba2c0	6f0ff1be8d0ce15a8514c93133da5efda9fba2c0
common/src/main/java/ac/grim/grimac/platform/api/sender/AbstractSender.java	unchanged	7bbcd78019400dacae749f9103079eee02cc4d5f	7bbcd78019400dacae749f9103079eee02cc4d5f
common/src/main/java/ac/grim/grimac/platform/api/sender/Sender.java	unchanged	f6e863f68c81d5397478ae82cb2c2bbca7a3367a	f6e863f68c81d5397478ae82cb2c2bbca7a3367a
common/src/main/java/ac/grim/grimac/platform/api/sender/SenderFactory.java	unchanged	a3588926fba5a6ff8303a21b5504f0636513083e	a3588926fba5a6ff8303a21b5504f0636513083e
common/src/main/java/ac/grim/grimac/platform/api/world/PlatformChunk.java	unchanged	4baad82b42d9eaa893b38ced1c81119ee1b1ce0e	4baad82b42d9eaa893b38ced1c81119ee1b1ce0e
common/src/main/java/ac/grim/grimac/platform/api/world/PlatformWorld.java	unchanged	abc1542ee589a1c79306b56d5aecc6afd93e81f3	abc1542ee589a1c79306b56d5aecc6afd93e81f3
common/src/main/java/ac/grim/grimac/platform/luckperms/AbstractLuckPermsHandler.java	unchanged	74e279e821ca1fedcb57724db49ae177469319f5	74e279e821ca1fedcb57724db49ae177469319f5
common/src/main/java/ac/grim/grimac/player/GrimPlayer.java	unchanged	b7d45a3e6307cab96b1eb0f28bfcb30c99101311	b7d45a3e6307cab96b1eb0f28bfcb30c99101311
common/src/main/java/ac/grim/grimac/predictionengine/EntityFluidInteraction.java	unchanged	e4cdb6e281639fb55aa7a5586d9ace932c5c0552	e4cdb6e281639fb55aa7a5586d9ace932c5c0552
common/src/main/java/ac/grim/grimac/predictionengine/GhostBlockDetector.java	unchanged	202a8e76030c7e0d0dd0cfebb6f2373ecb2d70df	202a8e76030c7e0d0dd0cfebb6f2373ecb2d70df
common/src/main/java/ac/grim/grimac/predictionengine/MovementCheckRunner.java	unchanged	065b0333639e5b0bd54ed0b5fe119bb2a104bfc8	065b0333639e5b0bd54ed0b5fe119bb2a104bfc8
common/src/main/java/ac/grim/grimac/predictionengine/PlayerBaseTick.java	unchanged	9895e7edd0d0823f79e99ef39b0268420063f7c5	9895e7edd0d0823f79e99ef39b0268420063f7c5
common/src/main/java/ac/grim/grimac/predictionengine/PointThreeEstimator.java	unchanged	7ae02c85e2910757b891f158abef182a5d671b56	7ae02c85e2910757b891f158abef182a5d671b56
common/src/main/java/ac/grim/grimac/predictionengine/SneakingEstimator.java	unchanged	c56dc246414ea3359e6ca56d9f06fa25aeda26c9	c56dc246414ea3359e6ca56d9f06fa25aeda26c9
common/src/main/java/ac/grim/grimac/predictionengine/UncertaintyHandler.java	unchanged	d9a226804d7182a4a9bceb3d6259a1f5fd035b74	d9a226804d7182a4a9bceb3d6259a1f5fd035b74
common/src/main/java/ac/grim/grimac/predictionengine/blockeffects/BlockCollisions.java	unchanged	4ae2c2a3ba8ae589892d1d9131eda82db5fda02c	4ae2c2a3ba8ae589892d1d9131eda82db5fda02c
common/src/main/java/ac/grim/grimac/predictionengine/blockeffects/BlockEffectsResolver.java	unchanged	a497d99f6f92e0f563a63606568d1d232209f753	a497d99f6f92e0f563a63606568d1d232209f753
common/src/main/java/ac/grim/grimac/predictionengine/blockeffects/BlockStepVisitor.java	unchanged	10e137fcad51f197f389155fa23c168bab8e559d	10e137fcad51f197f389155fa23c168bab8e559d
common/src/main/java/ac/grim/grimac/predictionengine/blockeffects/CompensatedGeysers.java	unchanged	29f2db8b80dc9b7cd7c9b4762093ca551209cdd7	29f2db8b80dc9b7cd7c9b4762093ca551209cdd7
common/src/main/java/ac/grim/grimac/predictionengine/blockeffects/PotentSulfurGeyser.java	unchanged	29932b80b31f35dd242c5621329bac6d127b961f	29932b80b31f35dd242c5621329bac6d127b961f
common/src/main/java/ac/grim/grimac/predictionengine/blockeffects/impl/BlockEffectsResolverV1_21_10.java	unchanged	ef6df335f7611e80a6b6f32a09e4296d50971bf8	ef6df335f7611e80a6b6f32a09e4296d50971bf8
common/src/main/java/ac/grim/grimac/predictionengine/blockeffects/impl/BlockEffectsResolverV1_21_2.java	unchanged	a52fd5fde1a272810425263548d455f257d841ce	a52fd5fde1a272810425263548d455f257d841ce
common/src/main/java/ac/grim/grimac/predictionengine/blockeffects/impl/BlockEffectsResolverV1_21_4.java	unchanged	4cb71b53a7dc1ca678c23a639c52e9dd8d7c4bc2	4cb71b53a7dc1ca678c23a639c52e9dd8d7c4bc2
common/src/main/java/ac/grim/grimac/predictionengine/blockeffects/impl/BlockEffectsResolverV1_21_5.java	unchanged	98178b7fba11de763fe7414f7d714cfcad3c45af	98178b7fba11de763fe7414f7d714cfcad3c45af
common/src/main/java/ac/grim/grimac/predictionengine/blockeffects/impl/BlockEffectsResolverV1_21_6.java	unchanged	0ae6f8623fa3727f49a0453742e9ef9e42a4f72a	0ae6f8623fa3727f49a0453742e9ef9e42a4f72a
common/src/main/java/ac/grim/grimac/predictionengine/movementtick/MovementTicker.java	unchanged	e9ebffec0b4211c551814558d5f0af65ec79deaf	e9ebffec0b4211c551814558d5f0af65ec79deaf
common/src/main/java/ac/grim/grimac/predictionengine/movementtick/MovementTickerCamel.java	unchanged	3ef0385caeb85dc17a19d00599a66268df1ae50f	3ef0385caeb85dc17a19d00599a66268df1ae50f
common/src/main/java/ac/grim/grimac/predictionengine/movementtick/MovementTickerHappyGhast.java	unchanged	f77cc18517f13e16162d6280f1eb573917b1f7f8	f77cc18517f13e16162d6280f1eb573917b1f7f8
common/src/main/java/ac/grim/grimac/predictionengine/movementtick/MovementTickerHorse.java	unchanged	5986190591b4802b0c5f3d3c84643fb87043baf6	5986190591b4802b0c5f3d3c84643fb87043baf6
common/src/main/java/ac/grim/grimac/predictionengine/movementtick/MovementTickerLivingVehicle.java	unchanged	b36e4002a872d7016fcfc5bf0f64544e154e6303	b36e4002a872d7016fcfc5bf0f64544e154e6303
common/src/main/java/ac/grim/grimac/predictionengine/movementtick/MovementTickerNautilus.java	unchanged	99a3c579e3ce31445320403b9df81adff4229f47	99a3c579e3ce31445320403b9df81adff4229f47
common/src/main/java/ac/grim/grimac/predictionengine/movementtick/MovementTickerPig.java	unchanged	b007678d36cace23443c6a41eb871af67c1c2bb3	b007678d36cace23443c6a41eb871af67c1c2bb3
common/src/main/java/ac/grim/grimac/predictionengine/movementtick/MovementTickerPlayer.java	unchanged	81e906067d1d5cde595271b15247252a43c0816c	81e906067d1d5cde595271b15247252a43c0816c
common/src/main/java/ac/grim/grimac/predictionengine/movementtick/MovementTickerRideable.java	unchanged	2e6b9349601a7b0c19bab1d3c54239c49c5ee5d5	2e6b9349601a7b0c19bab1d3c54239c49c5ee5d5
common/src/main/java/ac/grim/grimac/predictionengine/movementtick/MovementTickerStrider.java	unchanged	cddc12f1e1247c9aa1f8a83efa9011fa3435aa3c	cddc12f1e1247c9aa1f8a83efa9011fa3435aa3c
common/src/main/java/ac/grim/grimac/predictionengine/predictions/PredictionEngine.java	unchanged	0910cfcd4eb82b961e53ed3fdd79093c9fe198cf	0910cfcd4eb82b961e53ed3fdd79093c9fe198cf
common/src/main/java/ac/grim/grimac/predictionengine/predictions/PredictionEngineElytra.java	unchanged	a6fbb18a075d858c15561154cfb7de08c71dbb0a	a6fbb18a075d858c15561154cfb7de08c71dbb0a
common/src/main/java/ac/grim/grimac/predictionengine/predictions/PredictionEngineLava.java	unchanged	6f23dc12ef05a846aac6b7fabcd3a9a8b3e5baed	6f23dc12ef05a846aac6b7fabcd3a9a8b3e5baed
common/src/main/java/ac/grim/grimac/predictionengine/predictions/PredictionEngineNormal.java	unchanged	7d58e3123d4ae0f11c31cc9b9576687743b3cd91	7d58e3123d4ae0f11c31cc9b9576687743b3cd91
common/src/main/java/ac/grim/grimac/predictionengine/predictions/PredictionEngineWater.java	unchanged	d5c95c69736ab836b0589049ccabb6a53b786961	d5c95c69736ab836b0589049ccabb6a53b786961
common/src/main/java/ac/grim/grimac/predictionengine/predictions/PredictionEngineWaterLegacy.java	unchanged	4d1ce49f54ea3e1b65a4292fe1bd7a0f437a3bae	4d1ce49f54ea3e1b65a4292fe1bd7a0f437a3bae
common/src/main/java/ac/grim/grimac/predictionengine/predictions/input/DoubleInput.java	unchanged	d191d54bf1c770c0cc164e7a34b2ff5763df05f3	d191d54bf1c770c0cc164e7a34b2ff5763df05f3
common/src/main/java/ac/grim/grimac/predictionengine/predictions/input/FloatInput.java	unchanged	3827d6c3cdcfab707cfc22b35abc3e03fe0a7a5b	3827d6c3cdcfab707cfc22b35abc3e03fe0a7a5b
common/src/main/java/ac/grim/grimac/predictionengine/predictions/input/Input.java	unchanged	a1d35ba5fa5cc242fa4bbf12d7a6764668dc46e8	a1d35ba5fa5cc242fa4bbf12d7a6764668dc46e8
common/src/main/java/ac/grim/grimac/predictionengine/predictions/input/InputTransformer.java	unchanged	ce5057cb685a238b54bf190209dab8dbaf069647	ce5057cb685a238b54bf190209dab8dbaf069647
common/src/main/java/ac/grim/grimac/predictionengine/predictions/input/impl/DoubleInputTransformer.java	unchanged	6cecbff50325d5cf3b15d699a08f523eae9e87f8	6cecbff50325d5cf3b15d699a08f523eae9e87f8
common/src/main/java/ac/grim/grimac/predictionengine/predictions/input/impl/FloatInputTransformer.java	unchanged	4fac820e658d83b49adf861e43b26b68f4fdf88f	4fac820e658d83b49adf861e43b26b68f4fdf88f
common/src/main/java/ac/grim/grimac/predictionengine/predictions/input/impl/ModernInputTransformer.java	unchanged	1e31df0ce083935e154321f5137ca0edc8c51cc9	1e31df0ce083935e154321f5137ca0edc8c51cc9
common/src/main/java/ac/grim/grimac/predictionengine/predictions/rideable/PredictionEngineBoat.java	unchanged	1dd6ef45243306d0614f3d4776988f26bceac3fd	1dd6ef45243306d0614f3d4776988f26bceac3fd
common/src/main/java/ac/grim/grimac/predictionengine/predictions/rideable/PredictionEngineHappyGhast.java	unchanged	f75ed98ad272147c2aab70ef16960f54d24a3708	f75ed98ad272147c2aab70ef16960f54d24a3708
common/src/main/java/ac/grim/grimac/predictionengine/predictions/rideable/PredictionEngineNautilusWater.java	unchanged	4d4e3144fb555b5adecc2844415eb910b56fa439	4d4e3144fb555b5adecc2844415eb910b56fa439
common/src/main/java/ac/grim/grimac/predictionengine/predictions/rideable/PredictionEngineRideableLava.java	unchanged	41e65172f4c8ee8e5c8289fef53816a9d06780ed	41e65172f4c8ee8e5c8289fef53816a9d06780ed
common/src/main/java/ac/grim/grimac/predictionengine/predictions/rideable/PredictionEngineRideableNormal.java	unchanged	ede22e04990756120801069b516baf259412807a	ede22e04990756120801069b516baf259412807a
common/src/main/java/ac/grim/grimac/predictionengine/predictions/rideable/PredictionEngineRideableUtils.java	unchanged	008b143b4992a2158ac4896d21e955438ef4be53	008b143b4992a2158ac4896d21e955438ef4be53
common/src/main/java/ac/grim/grimac/predictionengine/predictions/rideable/PredictionEngineRideableWater.java	unchanged	032c394ac212490903b53981987f518a72142790	032c394ac212490903b53981987f518a72142790
common/src/main/java/ac/grim/grimac/predictionengine/predictions/rideable/PredictionEngineRideableWaterLegacy.java	unchanged	62cb034f2056e0e6f32369bfce15937693053e1e	62cb034f2056e0e6f32369bfce15937693053e1e
common/src/main/java/ac/grim/grimac/utils/anticheat/Constants.java	unchanged	a966933e6e4ad46c178288644fcd090acd205152	a966933e6e4ad46c178288644fcd090acd205152
common/src/main/java/ac/grim/grimac/utils/anticheat/LogUtil.java	unchanged	d71a8c2cf0c20da58885e3dc1e19910f816b656b	d71a8c2cf0c20da58885e3dc1e19910f816b656b
common/src/main/java/ac/grim/grimac/utils/anticheat/MessageUtil.java	unchanged	637fd69e04639f2024896e318c873b3c3c27dde6	637fd69e04639f2024896e318c873b3c3c27dde6
common/src/main/java/ac/grim/grimac/utils/anticheat/PlayerDataManager.java	modified	7bec629a98220e267247ce44e437e1221f10e760	c92445f49f094a022956581c1f4aaf2ddf48892e
common/src/main/java/ac/grim/grimac/utils/anticheat/update/BlockBreak.java	unchanged	59cfc54bf4744a90567097076a47d1bb4151890d	59cfc54bf4744a90567097076a47d1bb4151890d
common/src/main/java/ac/grim/grimac/utils/anticheat/update/BlockPlace.java	unchanged	c95d29b0f6594e928f552b544f731f26024c0a94	c95d29b0f6594e928f552b544f731f26024c0a94
common/src/main/java/ac/grim/grimac/utils/anticheat/update/PositionUpdate.java	unchanged	422021f0352344e9121cfcf3d6a89f1f5f4738d1	422021f0352344e9121cfcf3d6a89f1f5f4738d1
common/src/main/java/ac/grim/grimac/utils/anticheat/update/PredictionComplete.java	unchanged	1f687ae7a7582fbb7e2ca67dd73d3f2be00b870a	1f687ae7a7582fbb7e2ca67dd73d3f2be00b870a
common/src/main/java/ac/grim/grimac/utils/anticheat/update/RotationUpdate.java	unchanged	87a23726da9d22459fa94ced40cbf2c9ba7bf0cf	87a23726da9d22459fa94ced40cbf2c9ba7bf0cf
common/src/main/java/ac/grim/grimac/utils/anticheat/update/VehiclePositionUpdate.java	unchanged	166470626d97a3ef27b47d5c9c5012abdaa7b9a2	166470626d97a3ef27b47d5c9c5012abdaa7b9a2
common/src/main/java/ac/grim/grimac/utils/blockplace/BlockPlaceFactory.java	unchanged	0a0a298902e0fdd596f81eb6b09a15bb8c87f99e	0a0a298902e0fdd596f81eb6b09a15bb8c87f99e
common/src/main/java/ac/grim/grimac/utils/blockplace/BlockPlaceResult.java	unchanged	61c14c7697cc44cf11e367c11cdb38717a6c0917	61c14c7697cc44cf11e367c11cdb38717a6c0917
common/src/main/java/ac/grim/grimac/utils/blockplace/ConsumesBlockPlace.java	unchanged	baffa12001a6a81f8421795365bfbb6edcfdfe4c	baffa12001a6a81f8421795365bfbb6edcfdfe4c
common/src/main/java/ac/grim/grimac/utils/blockstate/helper/BlockFaceHelper.java	unchanged	aef936e704c782fbba2cb93c70fe1504ecc47c22	aef936e704c782fbba2cb93c70fe1504ecc47c22
common/src/main/java/ac/grim/grimac/utils/change/BlockModification.java	unchanged	47a9f7db1f24b4114a7c424cd9c992827b20d8f9	47a9f7db1f24b4114a7c424cd9c992827b20d8f9
common/src/main/java/ac/grim/grimac/utils/change/PlayerBlockHistory.java	unchanged	099f5224be5921d042a05ca7009dc0869d1115cd	099f5224be5921d042a05ca7009dc0869d1115cd
common/src/main/java/ac/grim/grimac/utils/chunks/Column.java	unchanged	407d4c4b11d37bb612bb93265997439e3559f14c	407d4c4b11d37bb612bb93265997439e3559f14c
common/src/main/java/ac/grim/grimac/utils/collisions/AxisSelect.java	unchanged	795b5acb2280b3d58930cfc3778a9183c4b08c82	795b5acb2280b3d58930cfc3778a9183c4b08c82
common/src/main/java/ac/grim/grimac/utils/collisions/AxisUtil.java	unchanged	e6cedc477f2388e92c9929a0a2b0de6d68f0cada	e6cedc477f2388e92c9929a0a2b0de6d68f0cada
common/src/main/java/ac/grim/grimac/utils/collisions/CollisionData.java	unchanged	341f95c2b1fe39e5162cfd96288f2049628e5f24	341f95c2b1fe39e5162cfd96288f2049628e5f24
common/src/main/java/ac/grim/grimac/utils/collisions/HitboxData.java	unchanged	7f9903c32b20928e06a9d1eed2a25a7219358a43	7f9903c32b20928e06a9d1eed2a25a7219358a43
common/src/main/java/ac/grim/grimac/utils/collisions/blocks/DoorHandler.java	unchanged	eee1eb4499373e45d2950bdcb3ff44c718ed2152	eee1eb4499373e45d2950bdcb3ff44c718ed2152
common/src/main/java/ac/grim/grimac/utils/collisions/blocks/DynamicChest.java	unchanged	14c213bfa5479d9e380886c04884403a731beac2	14c213bfa5479d9e380886c04884403a731beac2
common/src/main/java/ac/grim/grimac/utils/collisions/blocks/DynamicChorusPlant.java	unchanged	f1fd553e3414379db4705bbb25694c7a9ad5323e	f1fd553e3414379db4705bbb25694c7a9ad5323e
common/src/main/java/ac/grim/grimac/utils/collisions/blocks/DynamicStair.java	unchanged	62bd10fa053433e5710af6363ea25730d377ed0f	62bd10fa053433e5710af6363ea25730d377ed0f
common/src/main/java/ac/grim/grimac/utils/collisions/blocks/PistonBaseCollision.java	unchanged	b4ebd56454ecd520a993f96f9114d8bd2615fc48	b4ebd56454ecd520a993f96f9114d8bd2615fc48
common/src/main/java/ac/grim/grimac/utils/collisions/blocks/PistonHeadCollision.java	unchanged	43c55d7c507a96187e262ad4744d2269a1609f61	43c55d7c507a96187e262ad4744d2269a1609f61
common/src/main/java/ac/grim/grimac/utils/collisions/blocks/TrapDoorHandler.java	unchanged	3618657dac3435b5c46d3bd667d8070eb9b67597	3618657dac3435b5c46d3bd667d8070eb9b67597
common/src/main/java/ac/grim/grimac/utils/collisions/blocks/connecting/DynamicCollisionFence.java	unchanged	2da9a7d2396c6d5d50aab7ee6bd95eaf0d527797	2da9a7d2396c6d5d50aab7ee6bd95eaf0d527797
common/src/main/java/ac/grim/grimac/utils/collisions/blocks/connecting/DynamicCollisionPane.java	unchanged	fd49dbc5704aaea1a55aceb9ed0ba4a08ac372a5	fd49dbc5704aaea1a55aceb9ed0ba4a08ac372a5
common/src/main/java/ac/grim/grimac/utils/collisions/blocks/connecting/DynamicCollisionWall.java	unchanged	b6d8e352d5ccc8de8cc0a177893ef9a9a3b3dc5b	b6d8e352d5ccc8de8cc0a177893ef9a9a3b3dc5b
common/src/main/java/ac/grim/grimac/utils/collisions/blocks/connecting/DynamicConnecting.java	unchanged	cc131592d3e1102ae94d2fb6799a8f9a529f6669	cc131592d3e1102ae94d2fb6799a8f9a529f6669
common/src/main/java/ac/grim/grimac/utils/collisions/blocks/connecting/DynamicHitboxFence.java	unchanged	44f39f74b5f97053c6a083e7cf6f2aa2ab2d181c	44f39f74b5f97053c6a083e7cf6f2aa2ab2d181c
common/src/main/java/ac/grim/grimac/utils/collisions/blocks/connecting/DynamicHitboxPane.java	unchanged	ea7c0f046c396010849cb03eea26ee2cf8f6c230	ea7c0f046c396010849cb03eea26ee2cf8f6c230
common/src/main/java/ac/grim/grimac/utils/collisions/blocks/connecting/DynamicHitboxWall.java	unchanged	6c019dbd2040e63c07a1cd17b8937a3875a85754	6c019dbd2040e63c07a1cd17b8937a3875a85754
common/src/main/java/ac/grim/grimac/utils/collisions/datatypes/BoundingBox.java	unchanged	6b684b9e051c66044cff4b2343f11bf1bd6e28bc	6b684b9e051c66044cff4b2343f11bf1bd6e28bc
common/src/main/java/ac/grim/grimac/utils/collisions/datatypes/CollisionBox.java	unchanged	6009cff50caba87063f920e9506039be30d135e4	6009cff50caba87063f920e9506039be30d135e4
common/src/main/java/ac/grim/grimac/utils/collisions/datatypes/CollisionFactory.java	unchanged	b3e20bd9e7bb9cb0827cbfa931b237a748c75b8d	b3e20bd9e7bb9cb0827cbfa931b237a748c75b8d
common/src/main/java/ac/grim/grimac/utils/collisions/datatypes/ComplexCollisionBox.java	unchanged	b65a7eb69455f1d03fec419fba27f40b69d31d5c	b65a7eb69455f1d03fec419fba27f40b69d31d5c
common/src/main/java/ac/grim/grimac/utils/collisions/datatypes/DynamicCollisionBox.java	unchanged	c87f7848ab08c148aa40a075b86577636a287a83	c87f7848ab08c148aa40a075b86577636a287a83
common/src/main/java/ac/grim/grimac/utils/collisions/datatypes/HexCollisionBox.java	unchanged	ad248626040b96f22c0011daf9a158f847b3c39b	ad248626040b96f22c0011daf9a158f847b3c39b
common/src/main/java/ac/grim/grimac/utils/collisions/datatypes/HexOffsetCollisionBox.java	unchanged	301fae191cb3ce42d8b5abddfc6aa90cdb205343	301fae191cb3ce42d8b5abddfc6aa90cdb205343
common/src/main/java/ac/grim/grimac/utils/collisions/datatypes/HitBoxFactory.java	unchanged	59dee25bbcc39f184b497a3baad938355cb71b6c	59dee25bbcc39f184b497a3baad938355cb71b6c
common/src/main/java/ac/grim/grimac/utils/collisions/datatypes/NoCollisionBox.java	unchanged	0a15f52a1795fe53b3725b9109465c58b3dd9325	0a15f52a1795fe53b3725b9109465c58b3dd9325
common/src/main/java/ac/grim/grimac/utils/collisions/datatypes/OffsetCollisionBox.java	unchanged	e308f382e73468172812431fc7785d46c65ad8f5	e308f382e73468172812431fc7785d46c65ad8f5
common/src/main/java/ac/grim/grimac/utils/collisions/datatypes/SimpleCollisionBox.java	unchanged	c50567b0615dc542c7d796cbfd7c8f385a37f25a	c50567b0615dc542c7d796cbfd7c8f385a37f25a
common/src/main/java/ac/grim/grimac/utils/common/ConfigReloadObserver.java	unchanged	6f28aa78a0653fa218f5af142d6c699aeeb85925	6f28aa78a0653fa218f5af142d6c699aeeb85925
common/src/main/java/ac/grim/grimac/utils/common/PropertiesUtil.java	unchanged	853e84fac1a255d5aae5a01d135633effcc72bcb	853e84fac1a255d5aae5a01d135633effcc72bcb
common/src/main/java/ac/grim/grimac/utils/common/arguments/ArgumentOptions.java	unchanged	29bda2f5bdeba0cda55082c441e7beebfd50032d	29bda2f5bdeba0cda55082c441e7beebfd50032d
common/src/main/java/ac/grim/grimac/utils/common/arguments/ArgumentUtils.java	unchanged	2fa6b0b5fe80ae60cf607127ff4e5ce6efe22fc4	2fa6b0b5fe80ae60cf607127ff4e5ce6efe22fc4
common/src/main/java/ac/grim/grimac/utils/common/arguments/CommonGrimArguments.java	unchanged	a4d8be24198582bdddce8ee8616b5f4d9c1c5312	a4d8be24198582bdddce8ee8616b5f4d9c1c5312
common/src/main/java/ac/grim/grimac/utils/common/arguments/SystemArgument.java	unchanged	810920b26c4d7a308a48b37e22a7cf4ee297d7bd	810920b26c4d7a308a48b37e22a7cf4ee297d7bd
common/src/main/java/ac/grim/grimac/utils/common/arguments/SystemArgumentFactory.java	unchanged	37aedf367d7212313d65d3764cbceaa6cfef3b91	37aedf367d7212313d65d3764cbceaa6cfef3b91
common/src/main/java/ac/grim/grimac/utils/connection/ConnectionUtils.java	unchanged	72e90906dc97a8c7ba2898213dc181d3d6cbb3ba	72e90906dc97a8c7ba2898213dc181d3d6cbb3ba
common/src/main/java/ac/grim/grimac/utils/data/BlockPlaceSnapshot.java	unchanged	6d5d921d9b1aa83d0de01f6121869f7b80d48b0e	6d5d921d9b1aa83d0de01f6121869f7b80d48b0e
common/src/main/java/ac/grim/grimac/utils/data/BlockPrediction.java	unchanged	9787f02adadaa0069c1d2afd288034225fb91b60	9787f02adadaa0069c1d2afd288034225fb91b60
common/src/main/java/ac/grim/grimac/utils/data/CooldownData.java	unchanged	bb1885881fa37321c00eca8cfac829bf1d4f2b83	bb1885881fa37321c00eca8cfac829bf1d4f2b83
common/src/main/java/ac/grim/grimac/utils/data/HeadRotation.java	unchanged	edc16e5e03c8260c3bcf7790a809c138f86b02af	edc16e5e03c8260c3bcf7790a809c138f86b02af
common/src/main/java/ac/grim/grimac/utils/data/HitData.java	unchanged	48ad4731ec050570ce46a670323c232f4b88688a	48ad4731ec050570ce46a670323c232f4b88688a
common/src/main/java/ac/grim/grimac/utils/data/IndexedVector3d.java	unchanged	8b425a26d654ce2547fea7594ce54e7398ddcaa0	8b425a26d654ce2547fea7594ce54e7398ddcaa0
common/src/main/java/ac/grim/grimac/utils/data/IntToObjectPair.java	unchanged	5a9a08b19b66ef50f09cea1d8b0b200e3983baca	5a9a08b19b66ef50f09cea1d8b0b200e3983baca
common/src/main/java/ac/grim/grimac/utils/data/KnownInput.java	unchanged	04d77da870f13d1a772f4d788a8be5d5229b2702	04d77da870f13d1a772f4d788a8be5d5229b2702
common/src/main/java/ac/grim/grimac/utils/data/LastInstance.java	unchanged	4fc6ad9b21ad07aafea30f51f1426cabfc232366	4fc6ad9b21ad07aafea30f51f1426cabfc232366
common/src/main/java/ac/grim/grimac/utils/data/MainSupportingBlockData.java	unchanged	1923500bdf024bc81d86d6c817b02bc6917ca52f	1923500bdf024bc81d86d6c817b02bc6917ca52f
common/src/main/java/ac/grim/grimac/utils/data/PacketStateData.java	unchanged	0c04e8250fdfdf0cdd6af90ae8c8dec56eb93187	0c04e8250fdfdf0cdd6af90ae8c8dec56eb93187
common/src/main/java/ac/grim/grimac/utils/data/Pair.java	unchanged	cc8e584716c137d887bd50f6e6a595fa637be567	cc8e584716c137d887bd50f6e6a595fa637be567
common/src/main/java/ac/grim/grimac/utils/data/PistonData.java	unchanged	0ff87f4a742f1a56094bb433838819ee6187b280	0ff87f4a742f1a56094bb433838819ee6187b280
common/src/main/java/ac/grim/grimac/utils/data/ReachInterpolationData.java	unchanged	87aa0c389e6bf7939560e056ac53e302623c52c4	87aa0c389e6bf7939560e056ac53e302623c52c4
common/src/main/java/ac/grim/grimac/utils/data/RotationData.java	unchanged	cba82e4ae056dfd50961a5f63f078836b5ef3348	cba82e4ae056dfd50961a5f63f078836b5ef3348
common/src/main/java/ac/grim/grimac/utils/data/SetBackData.java	unchanged	fc7fe179a2dfea46ba8e5eab6690b63d635f1681	fc7fe179a2dfea46ba8e5eab6690b63d635f1681
common/src/main/java/ac/grim/grimac/utils/data/ShortToLongPair.java	unchanged	09487d5c9de12c4ecda191bf6e6c678ee99ccdd2	09487d5c9de12c4ecda191bf6e6c678ee99ccdd2
common/src/main/java/ac/grim/grimac/utils/data/ShulkerData.java	unchanged	53042e3e114cfc290d07e68df1a1b6ddced4f4be	53042e3e114cfc290d07e68df1a1b6ddced4f4be
common/src/main/java/ac/grim/grimac/utils/data/SprintingState.java	unchanged	86475ac39e6450ab8aab280ad7e7ad5071a26d1b	86475ac39e6450ab8aab280ad7e7ad5071a26d1b
common/src/main/java/ac/grim/grimac/utils/data/TeleportAcceptData.java	unchanged	0919f5a13375607be0b2e0b73df74776a48ace99	0919f5a13375607be0b2e0b73df74776a48ace99
common/src/main/java/ac/grim/grimac/utils/data/TeleportData.java	unchanged	b3463d0cf0c629e348e1a9b979cfb726e54a4d36	b3463d0cf0c629e348e1a9b979cfb726e54a4d36
common/src/main/java/ac/grim/grimac/utils/data/TrackedPosition.java	unchanged	8f4adf85d95c5afb6deac51b1d392d85c438926b	8f4adf85d95c5afb6deac51b1d392d85c438926b
common/src/main/java/ac/grim/grimac/utils/data/TrackerData.java	unchanged	7594067968581dfe0258abfaf91ccc7ba11719fc	7594067968581dfe0258abfaf91ccc7ba11719fc
common/src/main/java/ac/grim/grimac/utils/data/Triple.java	unchanged	a4627489a9fac797e44c8e2f0a1a15e633216860	a4627489a9fac797e44c8e2f0a1a15e633216860
common/src/main/java/ac/grim/grimac/utils/data/VectorData.java	unchanged	49f079c55ded8db3061c511194c5cc9aa006d6f1	49f079c55ded8db3061c511194c5cc9aa006d6f1
common/src/main/java/ac/grim/grimac/utils/data/VehicleData.java	unchanged	0a237286150b1147e9107d3eff84205a919dfdc6	0a237286150b1147e9107d3eff84205a919dfdc6
common/src/main/java/ac/grim/grimac/utils/data/VelocityData.java	unchanged	60ef831b7470923799e771a602d9d4c0f4ca5d15	60ef831b7470923799e771a602d9d4c0f4ca5d15
common/src/main/java/ac/grim/grimac/utils/data/attribute/ValuedAttribute.java	unchanged	134b3ec9991d48da4ac24aff8db4d19e984d9da9	134b3ec9991d48da4ac24aff8db4d19e984d9da9
common/src/main/java/ac/grim/grimac/utils/data/interpolation/EntityInterpolation.java	unchanged	4d555ffb5598a00d4e3add77038e49cd6e7504ff	4d555ffb5598a00d4e3add77038e49cd6e7504ff
common/src/main/java/ac/grim/grimac/utils/data/interpolation/EntityInterpolations.java	unchanged	5f3a50dc371277d18bb12b28033515b54cb796f3	5f3a50dc371277d18bb12b28033515b54cb796f3
common/src/main/java/ac/grim/grimac/utils/data/interpolation/EntityMovementTransaction.java	unchanged	37c8177f711118fdaeb0daea99bdbb5c5c66db72	37c8177f711118fdaeb0daea99bdbb5c5c66db72
common/src/main/java/ac/grim/grimac/utils/data/interpolation/LegacyEntityInterpolation.java	unchanged	43c9781fcaeba848fcdfeaf70d7a978e54fe0cf0	43c9781fcaeba848fcdfeaf70d7a978e54fe0cf0
common/src/main/java/ac/grim/grimac/utils/data/interpolation/stepped/SteppedEntityInterpolation.java	unchanged	11811ab8e7f8325c15605d8b75a2be08d9d59232	11811ab8e7f8325c15605d8b75a2be08d9d59232
common/src/main/java/ac/grim/grimac/utils/data/interpolation/stepped/SteppedInterpolationRange.java	unchanged	c694d13bc587bc94ed7523089860deb56ae7744a	c694d13bc587bc94ed7523089860deb56ae7744a
common/src/main/java/ac/grim/grimac/utils/data/interpolation/stepped/SteppedInterpolationState.java	unchanged	a0413f8ff6f3d3f34b13e16677493b848e91e295	a0413f8ff6f3d3f34b13e16677493b848e91e295
common/src/main/java/ac/grim/grimac/utils/data/interpolation/stepped/SteppedInterpolationUtils.java	unchanged	6b405225ee19e73ad7e6f9c899d0b38ea6165930	6b405225ee19e73ad7e6f9c899d0b38ea6165930
common/src/main/java/ac/grim/grimac/utils/data/json/JsonSerializable.java	unchanged	67089ac1e4fc3240107036901934f5ebf4d7c556	67089ac1e4fc3240107036901934f5ebf4d7c556
common/src/main/java/ac/grim/grimac/utils/data/packetentity/DashableEntity.java	unchanged	358792916df4d1eb5aa6399dff087650b57dc9ee	358792916df4d1eb5aa6399dff087650b57dc9ee
common/src/main/java/ac/grim/grimac/utils/data/packetentity/JumpableEntity.java	unchanged	4f99392ac5e6288d725c180de8359d9514bb66a4	4f99392ac5e6288d725c180de8359d9514bb66a4
common/src/main/java/ac/grim/grimac/utils/data/packetentity/PacketEntity.java	unchanged	ed68aa15a77fc64dc0068b6ba2a97f85c675575b	ed68aa15a77fc64dc0068b6ba2a97f85c675575b
common/src/main/java/ac/grim/grimac/utils/data/packetentity/PacketEntityArmorStand.java	unchanged	b52da1da675bee0e993769b95f2afbc0bf555a06	b52da1da675bee0e993769b95f2afbc0bf555a06
common/src/main/java/ac/grim/grimac/utils/data/packetentity/PacketEntityCamel.java	unchanged	b305e9a0f403b7e4ddd22f3c96eec22ec8e63bf7	b305e9a0f403b7e4ddd22f3c96eec22ec8e63bf7
common/src/main/java/ac/grim/grimac/utils/data/packetentity/PacketEntityGuardian.java	unchanged	9f72b3618a5d4c2f55ac5f49c170b60873d51a35	9f72b3618a5d4c2f55ac5f49c170b60873d51a35
common/src/main/java/ac/grim/grimac/utils/data/packetentity/PacketEntityHappyGhast.java	unchanged	629f47e76f940ee275844baf0ee8d1aa45348c03	629f47e76f940ee275844baf0ee8d1aa45348c03
common/src/main/java/ac/grim/grimac/utils/data/packetentity/PacketEntityHook.java	unchanged	dde4d52e927e435a16228fc3e042bdbf87501d6a	dde4d52e927e435a16228fc3e042bdbf87501d6a
common/src/main/java/ac/grim/grimac/utils/data/packetentity/PacketEntityHorse.java	unchanged	65be419e07606e8ca22615cf21e641f1595ccc9f	65be419e07606e8ca22615cf21e641f1595ccc9f
common/src/main/java/ac/grim/grimac/utils/data/packetentity/PacketEntityNautilus.java	unchanged	ccf65ffce1e77150ccad90f6490919db223b3bfc	ccf65ffce1e77150ccad90f6490919db223b3bfc
common/src/main/java/ac/grim/grimac/utils/data/packetentity/PacketEntityPainting.java	unchanged	7c371b0f0dc90ba947f9f50b1d7e2a282a6eb145	7c371b0f0dc90ba947f9f50b1d7e2a282a6eb145
common/src/main/java/ac/grim/grimac/utils/data/packetentity/PacketEntityRideable.java	unchanged	3b1ee363da9ab7c61ea606ac6d9ac2899dcf4189	3b1ee363da9ab7c61ea606ac6d9ac2899dcf4189
common/src/main/java/ac/grim/grimac/utils/data/packetentity/PacketEntitySelf.java	unchanged	ba7d1c785a0929c2c1643a447fd440a95b7b5ef5	ba7d1c785a0929c2c1643a447fd440a95b7b5ef5
common/src/main/java/ac/grim/grimac/utils/data/packetentity/PacketEntityShulker.java	unchanged	a64d39fd45e00129c36f633e431f18cbb0bda219	a64d39fd45e00129c36f633e431f18cbb0bda219
common/src/main/java/ac/grim/grimac/utils/data/packetentity/PacketEntitySizeable.java	unchanged	0933a09716e6a05468d8fceb8bf64df1921218cf	0933a09716e6a05468d8fceb8bf64df1921218cf
common/src/main/java/ac/grim/grimac/utils/data/packetentity/PacketEntitySkeleton.java	unchanged	10d66eabada5742d735f507797d2ad28284b8f46	10d66eabada5742d735f507797d2ad28284b8f46
common/src/main/java/ac/grim/grimac/utils/data/packetentity/PacketEntityStrider.java	unchanged	408bd69d34cea810ad6fb6115136de96cd0d86db	408bd69d34cea810ad6fb6115136de96cd0d86db
common/src/main/java/ac/grim/grimac/utils/data/packetentity/PacketEntityTrackXRot.java	unchanged	de60c2086f02ed25f9af10c43e6c850900e4c33d	de60c2086f02ed25f9af10c43e6c850900e4c33d
common/src/main/java/ac/grim/grimac/utils/data/packetentity/PacketEntityUnHittable.java	unchanged	7d8d0d16fec2d0bfe26495c6862b5ce87e8acd91	7d8d0d16fec2d0bfe26495c6862b5ce87e8acd91
common/src/main/java/ac/grim/grimac/utils/data/packetentity/TypedPacketEntity.java	unchanged	10f81d64286d553dee4ab49e91951405991cabdf	10f81d64286d553dee4ab49e91951405991cabdf
common/src/main/java/ac/grim/grimac/utils/data/packetentity/dragon/DragonPart.java	unchanged	5a4984da552def23bd3451c091b9e3b779ece711	5a4984da552def23bd3451c091b9e3b779ece711
common/src/main/java/ac/grim/grimac/utils/data/packetentity/dragon/PacketEntityEnderDragon.java	unchanged	0523f3da23e5b16ff52bc40fc5baf958cde9f0ad	0523f3da23e5b16ff52bc40fc5baf958cde9f0ad
common/src/main/java/ac/grim/grimac/utils/data/packetentity/dragon/PacketEntityEnderDragonPart.java	unchanged	b43c3350f9c52c227462e7d6bb3f789ac9e43d07	b43c3350f9c52c227462e7d6bb3f789ac9e43d07
common/src/main/java/ac/grim/grimac/utils/data/tags/SyncedTag.java	unchanged	91bcb07d6392bfdfc03efceb0ecec95427748e0b	91bcb07d6392bfdfc03efceb0ecec95427748e0b
common/src/main/java/ac/grim/grimac/utils/data/tags/SyncedTags.java	unchanged	b5a96e72f8ff7c5b7292e78348ad17ed5b3bb9b1	b5a96e72f8ff7c5b7292e78348ad17ed5b3bb9b1
common/src/main/java/ac/grim/grimac/utils/data/webhook/discord/CompiledDiscordTemplate.java	unchanged	1173e434efad42ce7af683dfd5f075958cd1178f	1173e434efad42ce7af683dfd5f075958cd1178f
common/src/main/java/ac/grim/grimac/utils/data/webhook/discord/Embed.java	unchanged	d6bee019fe971eff0d5d18a077d55fb85804c69b	d6bee019fe971eff0d5d18a077d55fb85804c69b
common/src/main/java/ac/grim/grimac/utils/data/webhook/discord/EmbedAuthor.java	unchanged	314fb8f79f5b3c64eba480a76ba7bab9c5eb8a33	314fb8f79f5b3c64eba480a76ba7bab9c5eb8a33
common/src/main/java/ac/grim/grimac/utils/data/webhook/discord/EmbedField.java	unchanged	ef0e01c11af082596947b2d2765e91c9eac68197	ef0e01c11af082596947b2d2765e91c9eac68197
common/src/main/java/ac/grim/grimac/utils/data/webhook/discord/EmbedFooter.java	unchanged	30357a62cfcf56276495e5b48a7d2c5eb282cf7d	30357a62cfcf56276495e5b48a7d2c5eb282cf7d
common/src/main/java/ac/grim/grimac/utils/data/webhook/discord/WebhookMessage.java	unchanged	6f2ba7e31ed70a958372ad181e73a639937f57b4	6f2ba7e31ed70a958372ad181e73a639937f57b4
common/src/main/java/ac/grim/grimac/utils/enums/BoatEntityStatus.java	unchanged	9ba6fd29a04341b33dbec08dc3692e8f5ea3297e	9ba6fd29a04341b33dbec08dc3692e8f5ea3297e
common/src/main/java/ac/grim/grimac/utils/enums/FluidTag.java	unchanged	2bd06455753bd5f47d810c0f549df1d48317df39	2bd06455753bd5f47d810c0f549df1d48317df39
common/src/main/java/ac/grim/grimac/utils/enums/Pose.java	unchanged	0bcf545f89387ddaaa6378daee22802a52948cc2	0bcf545f89387ddaaa6378daee22802a52948cc2
common/src/main/java/ac/grim/grimac/utils/enums/ThreadType.java	unchanged	9396b4fba62520e677d2dd2b6d4afe804165e6e9	9396b4fba62520e677d2dd2b6d4afe804165e6e9
common/src/main/java/ac/grim/grimac/utils/functions/BlockAndPositionConsumer.java	unchanged	1571ff57249ab187db89350ea86c5c26cd1abcae	1571ff57249ab187db89350ea86c5c26cd1abcae
common/src/main/java/ac/grim/grimac/utils/functions/BlockAndPositionPredicate.java	unchanged	26468c722e0287c418b2cb90c56076b804875103	26468c722e0287c418b2cb90c56076b804875103
common/src/main/java/ac/grim/grimac/utils/functions/ObjBooleanConsumer.java	unchanged	792a6207b1d7efa60c1af6111284b73a02f2864e	792a6207b1d7efa60c1af6111284b73a02f2864e
common/src/main/java/ac/grim/grimac/utils/inventory/ClickAction.java	unchanged	abd94c584f53f538150e2c9feea930af818abe1e	abd94c584f53f538150e2c9feea930af818abe1e
common/src/main/java/ac/grim/grimac/utils/inventory/EnchantmentHelper.java	unchanged	60a6d439a5823725bc667e4496237fee32d3bc1c	60a6d439a5823725bc667e4496237fee32d3bc1c
common/src/main/java/ac/grim/grimac/utils/inventory/EquipmentType.java	unchanged	f5cbca7c70c32498225d1b12cd1a6a393f8264aa	f5cbca7c70c32498225d1b12cd1a6a393f8264aa
common/src/main/java/ac/grim/grimac/utils/inventory/Inventory.java	unchanged	c5110c2499ef0cc4946744d927c2f4f7525e31c8	c5110c2499ef0cc4946744d927c2f4f7525e31c8
common/src/main/java/ac/grim/grimac/utils/inventory/InventoryStorage.java	unchanged	d91471a06b1f3f3e7991cde795f9cddd89cbcab4	d91471a06b1f3f3e7991cde795f9cddd89cbcab4
common/src/main/java/ac/grim/grimac/utils/inventory/inventory/AbstractContainerMenu.java	unchanged	ed09613cace9b2fe49ff0162f9829d53b0a8d798	ed09613cace9b2fe49ff0162f9829d53b0a8d798
common/src/main/java/ac/grim/grimac/utils/inventory/inventory/BasicInventoryMenu.java	unchanged	ff526f0fe648c9b90a32fe0137d3626753459a08	ff526f0fe648c9b90a32fe0137d3626753459a08
common/src/main/java/ac/grim/grimac/utils/inventory/inventory/DispenserMenu.java	unchanged	ad9ef76ee987052320bde9539513e212880b60ca	ad9ef76ee987052320bde9539513e212880b60ca
common/src/main/java/ac/grim/grimac/utils/inventory/inventory/HopperMenu.java	unchanged	38f953e2508c8a1d8fb59505094b30d7b1dacfcb	38f953e2508c8a1d8fb59505094b30d7b1dacfcb
common/src/main/java/ac/grim/grimac/utils/inventory/inventory/MenuType.java	unchanged	819f11d91127e7c155325d0be40e5db2e92f011d	819f11d91127e7c155325d0be40e5db2e92f011d
common/src/main/java/ac/grim/grimac/utils/inventory/inventory/NotImplementedMenu.java	unchanged	2a12a648ae72a35386b88063dcc42e6f09c5c077	2a12a648ae72a35386b88063dcc42e6f09c5c077
common/src/main/java/ac/grim/grimac/utils/inventory/slot/EquipmentSlot.java	unchanged	bf2e8616a7481d4f650157f49a5fbe07767b15d6	bf2e8616a7481d4f650157f49a5fbe07767b15d6
common/src/main/java/ac/grim/grimac/utils/inventory/slot/ResultSlot.java	unchanged	f8d3a988303f6ea2289b2476e943dfade55e7b5d	f8d3a988303f6ea2289b2476e943dfade55e7b5d
common/src/main/java/ac/grim/grimac/utils/inventory/slot/Slot.java	unchanged	9dec7ff317cb0984d6ab1ec01875f19c192144d0	9dec7ff317cb0984d6ab1ec01875f19c192144d0
common/src/main/java/ac/grim/grimac/utils/item/AlwaysUseItem.java	unchanged	32b2e17856d75fbfbcfe6354e450e6a5315cf25d	32b2e17856d75fbfbcfe6354e450e6a5315cf25d
common/src/main/java/ac/grim/grimac/utils/item/ItemBehaviour.java	unchanged	d0b6a1ea5fc61d373db2314835b8b5f873d9bfdb	d0b6a1ea5fc61d373db2314835b8b5f873d9bfdb
common/src/main/java/ac/grim/grimac/utils/item/ItemBehaviourRegistry.java	unchanged	b0635ca653d838866f5847139109b119a802b44c	b0635ca653d838866f5847139109b119a802b44c
common/src/main/java/ac/grim/grimac/utils/item/LegacyItem.java	unchanged	1e64dd4893242539f1a7e4c01b731b564b265eaf	1e64dd4893242539f1a7e4c01b731b564b265eaf
common/src/main/java/ac/grim/grimac/utils/item/TridentItem.java	unchanged	bd4811c0c14ada7fa54acaabfdcd58ee34b984de	bd4811c0c14ada7fa54acaabfdcd58ee34b984de
common/src/main/java/ac/grim/grimac/utils/item/UnsupportedItem.java	unchanged	cc38a7a36a0c0f07348496813ea52cba087de1ec	cc38a7a36a0c0f07348496813ea52cba087de1ec
common/src/main/java/ac/grim/grimac/utils/latency/CompensatedCameraEntity.java	unchanged	ec5a446f9f1dea37668c3c0872e65ffa3b0c4b0d	ec5a446f9f1dea37668c3c0872e65ffa3b0c4b0d
common/src/main/java/ac/grim/grimac/utils/latency/CompensatedCooldown.java	unchanged	a8398438845fea015bacd991765a467ffc630dea	a8398438845fea015bacd991765a467ffc630dea
common/src/main/java/ac/grim/grimac/utils/latency/CompensatedDashableEntities.java	unchanged	519616cd07125072677a4b4f44ee51e50dd21dc6	519616cd07125072677a4b4f44ee51e50dd21dc6
common/src/main/java/ac/grim/grimac/utils/latency/CompensatedEntities.java	unchanged	89d8f67fb0dfa3fc38920569c8d029e922ce177e	89d8f67fb0dfa3fc38920569c8d029e922ce177e
common/src/main/java/ac/grim/grimac/utils/latency/CompensatedFireworks.java	unchanged	5f17b8b6fb227e03a1e3c5cabec7103cd468cd8c	5f17b8b6fb227e03a1e3c5cabec7103cd468cd8c
common/src/main/java/ac/grim/grimac/utils/latency/CompensatedInventory.java	unchanged	60824ade3a4a1fda24dad780f5708aa4e51d47d1	60824ade3a4a1fda24dad780f5708aa4e51d47d1
common/src/main/java/ac/grim/grimac/utils/latency/CompensatedWorld.java	unchanged	dc105ae97ed8c34d20e235378d055b4bb366af85	dc105ae97ed8c34d20e235378d055b4bb366af85
common/src/main/java/ac/grim/grimac/utils/latency/LatencyUtils.java	unchanged	8e6c93582062e30adfbadbec7bbec46139a7c373	8e6c93582062e30adfbadbec7bbec46139a7c373
common/src/main/java/ac/grim/grimac/utils/lazy/LazyHolder.java	unchanged	7a181cd3cbb70cbe8ad0ac6901c76f50e3287136	7a181cd3cbb70cbe8ad0ac6901c76f50e3287136
common/src/main/java/ac/grim/grimac/utils/lists/ArrayUtils.java	unchanged	671855a99955d5966f66a6e2de5fbab8f0340c6c	671855a99955d5966f66a6e2de5fbab8f0340c6c
common/src/main/java/ac/grim/grimac/utils/lists/CorrectingPlayerInventoryStorage.java	unchanged	9286673a13630a60ff3a12209f13e0e42a752fc5	9286673a13630a60ff3a12209f13e0e42a752fc5
common/src/main/java/ac/grim/grimac/utils/lists/EvictingQueue.java	unchanged	38b41832caa7918bd02c6164ff66227411e9bdfd	38b41832caa7918bd02c6164ff66227411e9bdfd
common/src/main/java/ac/grim/grimac/utils/lists/HookedListWrapper.java	unchanged	92ebadb73b0ca3e9f0fd5ff57b35af7a8c32bd36	92ebadb73b0ca3e9f0fd5ff57b35af7a8c32bd36
common/src/main/java/ac/grim/grimac/utils/lists/ListWrapper.java	unchanged	3ddb6a350f351e8ae4b91e1b3eeefef7cd67884e	3ddb6a350f351e8ae4b91e1b3eeefef7cd67884e
common/src/main/java/ac/grim/grimac/utils/lists/RunningMode.java	unchanged	add25bbee587715887e04a96856a1deba46e9c72	add25bbee587715887e04a96856a1deba46e9c72
common/src/main/java/ac/grim/grimac/utils/math/GrimMath.java	unchanged	51bc3213dacfd4921299d3f8a8f182ab4833cacc	51bc3213dacfd4921299d3f8a8f182ab4833cacc
common/src/main/java/ac/grim/grimac/utils/math/LegacyFastMath.java	unchanged	a0a23584437edc04075a1b7819cc1f61f5064559	a0a23584437edc04075a1b7819cc1f61f5064559
common/src/main/java/ac/grim/grimac/utils/math/Location.java	unchanged	94b678afcf5193763964d8ef19b2a4ffcfa24d34	94b678afcf5193763964d8ef19b2a4ffcfa24d34
common/src/main/java/ac/grim/grimac/utils/math/ModernVanillaMath.java	unchanged	451835df6b0d6ca7ee4798bc11ffa8921aeffced	451835df6b0d6ca7ee4798bc11ffa8921aeffced
common/src/main/java/ac/grim/grimac/utils/math/OptifineFastMath.java	unchanged	66000a6629cf41e45edf237e4d7fe7ebbc13ea87	66000a6629cf41e45edf237e4d7fe7ebbc13ea87
common/src/main/java/ac/grim/grimac/utils/math/TrigHandler.java	unchanged	654a8443a266db1ef87e56cdf7e4786d59558894	654a8443a266db1ef87e56cdf7e4786d59558894
common/src/main/java/ac/grim/grimac/utils/math/VanillaMath.java	unchanged	9dd7e5ab5278d0cdad9faa335f22fe619dedbe99	9dd7e5ab5278d0cdad9faa335f22fe619dedbe99
common/src/main/java/ac/grim/grimac/utils/math/Vec2.java	unchanged	b64746f09cb1b2c1d9baea1154757f74d135dfce	b64746f09cb1b2c1d9baea1154757f74d135dfce
common/src/main/java/ac/grim/grimac/utils/math/Vector3dm.java	unchanged	1892519a3e5503b75e0b6a1a9d3ac8929e49dcef	1892519a3e5503b75e0b6a1a9d3ac8929e49dcef
common/src/main/java/ac/grim/grimac/utils/math/VectorUtils.java	unchanged	b7c521c4105959a4bfdb8f0b5ca634c9db12c0a2	b7c521c4105959a4bfdb8f0b5ca634c9db12c0a2
common/src/main/java/ac/grim/grimac/utils/nmsutil/BlockBreakSpeed.java	unchanged	4a47b88210d5c1ced22ee3ce35b96141423d1704	4a47b88210d5c1ced22ee3ce35b96141423d1704
common/src/main/java/ac/grim/grimac/utils/nmsutil/BlockProperties.java	unchanged	0953ccf3bd7d6fdbb2a8b0d106abcd3ca8deb230	0953ccf3bd7d6fdbb2a8b0d106abcd3ca8deb230
common/src/main/java/ac/grim/grimac/utils/nmsutil/BoundingBoxSize.java	unchanged	c201c108e3580d1d17228816785a12f460659330	c201c108e3580d1d17228816785a12f460659330
common/src/main/java/ac/grim/grimac/utils/nmsutil/Collisions.java	unchanged	eb9164ffab5f32f2aea5a4dee2caf3b8a6353d4e	eb9164ffab5f32f2aea5a4dee2caf3b8a6353d4e
common/src/main/java/ac/grim/grimac/utils/nmsutil/Dripstone.java	unchanged	7358485eab649d45b446efca064cc31ac4a15956	7358485eab649d45b446efca064cc31ac4a15956
common/src/main/java/ac/grim/grimac/utils/nmsutil/EntityMetadataPoseUtil.java	unchanged	fc03c1e16563257ea88da68a4aa8bc0ddd9c1b38	fc03c1e16563257ea88da68a4aa8bc0ddd9c1b38
common/src/main/java/ac/grim/grimac/utils/nmsutil/EntityTypeTags.java	unchanged	f38fee09edde794447e64fe50503d3cc96a42efd	f38fee09edde794447e64fe50503d3cc96a42efd
common/src/main/java/ac/grim/grimac/utils/nmsutil/FluidFallingAdjustedMovement.java	unchanged	55dbc3517a1c7eaf77d9b2c2c4c66d282e40662d	55dbc3517a1c7eaf77d9b2c2c4c66d282e40662d
common/src/main/java/ac/grim/grimac/utils/nmsutil/FluidTypeFlowing.java	unchanged	e9611b69b1577db635a7bb7847dd5dfaea356831	e9611b69b1577db635a7bb7847dd5dfaea356831
common/src/main/java/ac/grim/grimac/utils/nmsutil/GetBoundingBox.java	unchanged	91942f603ac42c5b47309addd02f596eecbec68f	91942f603ac42c5b47309addd02f596eecbec68f
common/src/main/java/ac/grim/grimac/utils/nmsutil/JumpPower.java	unchanged	cb9b31c87d3682c0486120398d727c9964fca77c	cb9b31c87d3682c0486120398d727c9964fca77c
common/src/main/java/ac/grim/grimac/utils/nmsutil/MainSupportingBlockPosFinder.java	unchanged	d988580ca5e08ce2278dc5a2f73b51cc77c3edc9	d988580ca5e08ce2278dc5a2f73b51cc77c3edc9
common/src/main/java/ac/grim/grimac/utils/nmsutil/Materials.java	unchanged	8e71fbf65220fad20dba8a2b3ab8578f8da28bff	8e71fbf65220fad20dba8a2b3ab8578f8da28bff
common/src/main/java/ac/grim/grimac/utils/nmsutil/Ray.java	unchanged	1ec20826d9a147fc2779cc1ce05c06e36a87f7c0	1ec20826d9a147fc2779cc1ce05c06e36a87f7c0
common/src/main/java/ac/grim/grimac/utils/nmsutil/ReachUtils.java	unchanged	8d3d870d9f1932f0e51b6a6d9ffafa999feda5b0	8d3d870d9f1932f0e51b6a6d9ffafa999feda5b0
common/src/main/java/ac/grim/grimac/utils/nmsutil/Riptide.java	unchanged	dbb0d44427aff23392a8126a67976f9edd1264c2	dbb0d44427aff23392a8126a67976f9edd1264c2
common/src/main/java/ac/grim/grimac/utils/nmsutil/StuckSpeed.java	unchanged	f7ae3fe3b29fbc7e3eb5c7796ba17049f9ec6441	f7ae3fe3b29fbc7e3eb5c7796ba17049f9ec6441
common/src/main/java/ac/grim/grimac/utils/nmsutil/WatchableIndexUtil.java	unchanged	890865d56b8a2d9e1b23c3412c1190bb379881e7	890865d56b8a2d9e1b23c3412c1190bb379881e7
common/src/main/java/ac/grim/grimac/utils/nmsutil/WorldRayTrace.java	unchanged	5a6aa3898619d1ecad4fb932e7bd89e81f720c18	5a6aa3898619d1ecad4fb932e7bd89e81f720c18
common/src/main/java/ac/grim/grimac/utils/payload/Payload.java	unchanged	c2c249b0b752cb944d16260d821eb745e00e4c8a	c2c249b0b752cb944d16260d821eb745e00e4c8a
common/src/main/java/ac/grim/grimac/utils/payload/PayloadBookEdit.java	unchanged	58a96df5efd32336a2fa4c164b0d23a8dfcbdc64	58a96df5efd32336a2fa4c164b0d23a8dfcbdc64
common/src/main/java/ac/grim/grimac/utils/payload/PayloadItemName.java	unchanged	73767524087e63195089d29f7f633d0e61631c3b	73767524087e63195089d29f7f633d0e61631c3b
common/src/main/java/ac/grim/grimac/utils/reflection/GeyserUtil.java	unchanged	b259c14fe6008560a98a8a3d5471edacfd9f2016	b259c14fe6008560a98a8a3d5471edacfd9f2016
common/src/main/java/ac/grim/grimac/utils/reflection/ReflectionUtils.java	unchanged	e15d7f52fd3a31c0ed447e8b4574837a79480f05	e15d7f52fd3a31c0ed447e8b4574837a79480f05
common/src/main/java/ac/grim/grimac/utils/team/EntityPredicates.java	unchanged	46a18be283783e140e427de12f9c9f54875717a6	46a18be283783e140e427de12f9c9f54875717a6
common/src/main/java/ac/grim/grimac/utils/team/EntityTeam.java	unchanged	13914862c7f130c82c5c9c135c9741892556cad9	13914862c7f130c82c5c9c135c9741892556cad9
common/src/main/java/ac/grim/grimac/utils/team/TeamHandler.java	unchanged	73e01d3c975512cfa278e188769de8e20811075d	73e01d3c975512cfa278e188769de8e20811075d
common/src/main/java/ac/grim/grimac/utils/viaversion/ViaMovementTranslator.java	unchanged	0bc22ab500a78fe5d6a895f9e494aeb83dee9a58	0bc22ab500a78fe5d6a895f9e494aeb83dee9a58
common/src/main/java/ac/grim/grimac/utils/viaversion/ViaVersionUtil.java	unchanged	519172c0c049a33da6af14d8d5c630268a3c3313	519172c0c049a33da6af14d8d5c630268a3c3313
common/src/main/java/ac/grim/grimac/utils/worldborder/BorderExtent.java	unchanged	dee5b34a6673664905819654633af556bd908519	dee5b34a6673664905819654633af556bd908519
common/src/main/java/ac/grim/grimac/utils/worldborder/RealTimeMovingBorderExtent.java	unchanged	6221191b0fc25dd24bb47e0850235b69c656de79	6221191b0fc25dd24bb47e0850235b69c656de79
common/src/main/java/ac/grim/grimac/utils/worldborder/StaticBorderExtent.java	unchanged	a469fa9671dcc34672bc7aa817746b82f640419e	a469fa9671dcc34672bc7aa817746b82f640419e
common/src/main/java/ac/grim/grimac/utils/worldborder/TickBasedMovingBorderExtent.java	unchanged	913aa697ad78ab23087eeb91881ead6bb211c222	913aa697ad78ab23087eeb91881ead6bb211c222
common/src/main/resources/config/de.yml	modified	b6028db74aa10af2be73931570bb1bc4abf4a0c0	ca5fb306916fbf8d3e1908de43a3760caa53a1af
common/src/main/resources/config/en.yml	modified	650d024f10f1d1adaba96541c92301f5c67849fb	b0e3be5e56fcb0f21021ace8e290f889ab925c70
common/src/main/resources/config/es.yml	modified	82c55de7631490acd4c47780f448d4c7a241b309	68416f58810ae12edcd0b7079896bff3b6b64936
common/src/main/resources/config/fr.yml	modified	b6fa9252ced77b9e7db02c1700467180b0434e2a	16f9462b48d72e6fffca754b8ed86cda6df414d8
common/src/main/resources/config/it.yml	modified	84f2586005cfb09482d328447c08ea165ca70eba	774802b3580dea741be1df6345a1f43bd9ddf695
common/src/main/resources/config/ja.yml	modified	615b2dc0a896f39ece74b8052039e92a044db607	aec26d00f27b5ef6bb12ef0c5d0a3a1ac47e9414
common/src/main/resources/config/nl.yml	modified	f6ce66f633e8152213a9cbb7b24fff402552a466	dd2ddd0d4f26bc6cbccc72241053b65edc1fd10f
common/src/main/resources/config/pl.yml	modified	81f442a1b0468e183effc1193007cbe5864177ea	c3280cc3ecc3e6dddf1c4dabbec9d3e05edd5af8
common/src/main/resources/config/pt.yml	modified	db6f47389e452abcee870b0aa5039f805e3426f7	04c8f17722e03c3b7b3340493e627c3e622ed020
common/src/main/resources/config/ro.yml	modified	ada4dca20afe12dfb6bebbeeaa1c5dd145cbd29f	07fad505592315779146a864bc1b4406b37821d3
common/src/main/resources/config/ru.yml	modified	3252e3e0f1af7305bd72d2b1d59cf2469a552e3e	79cba9a6654ced611bc902fe98be7940af6e097e
common/src/main/resources/config/tr.yml	modified	b8c9e5706e298f6fa4414bc1471ff37e1bbf2628	afe776e2052aafa9f1924fd457e616afc8124dde
common/src/main/resources/config/zh.yml	modified	836bcb09e9ff672105dd437d2f6355baaccd195d	89ce9ad3f9979fc975849536b9294d5ddfab245b
common/src/main/resources/database/de.yml	modified	adae12c697e6269f834d1b57f198875420bc94f1	7d43b4d19dbd8458734a47a33a32099b59117fc9
common/src/main/resources/database/en.yml	modified	e9192e8a26e023321a7c1ec801ddd6322d557a78	d60b08c95abd775942e83c4b24299d238ee8a83e
common/src/main/resources/database/es.yml	modified	cdffcfc4698456723f13f221aeb70172e6f64d52	09b633acd1b7f0db0d7db54ab9058fedd0f04630
common/src/main/resources/database/fr.yml	modified	7f2044f9ca96bc43c52ff6d7c2ce93f34e4b119c	1e2f96e365e1d146af8deb7832db9efe7fa01323
common/src/main/resources/database/it.yml	modified	3501499afd946466e7e144bdec7812872807407b	7a6f0e99b9af0da1630bae1fd51fd6e631415b79
common/src/main/resources/database/ja.yml	modified	52beb8f42e9400eb33328a6de3906ee7266a535f	285e0662318879d0a369cb61b973abb8cd413d68
common/src/main/resources/database/nl.yml	modified	414aabd3bf71e34904ed9ec58079bbaa0abb993f	80c9d8a2cf4ff7cddfb320f7a2553967584e3ba6
common/src/main/resources/database/pt.yml	modified	70dd885744550d8ada7acc52b41e7778aa9e6a5e	41033a6e256fb126194dc7fd7ef2f71ee7c35d2f
common/src/main/resources/database/ru.yml	modified	3755aee62a695ce1ec9d9b7501895ae750122cb6	d3c3b5799d7c1109a2ee252fc0158ca751fc061e
common/src/main/resources/database/tr.yml	modified	8acc499f853c05b66cfce0d22565c0feef39e0c8	823c6c3b5625767dc47f273096af5597a757d334
common/src/main/resources/database/zh.yml	modified	1200e507960678fca73cc13b088143d67420d411	1d2675f2cd23f008bae7e1ca752ce84bf4e72215
common/src/main/resources/databases/mongo/de.yml	unchanged	ff66d23c1528b57567f488d0c3bb0256073e9ae0	ff66d23c1528b57567f488d0c3bb0256073e9ae0
common/src/main/resources/databases/mongo/en.yml	unchanged	a33a06cbb24dc474a779be9e51d4b1cac26b1112	a33a06cbb24dc474a779be9e51d4b1cac26b1112
common/src/main/resources/databases/mongo/es.yml	unchanged	0dd11d38100f6f63040fe1ac8223ea9e43bcb0f0	0dd11d38100f6f63040fe1ac8223ea9e43bcb0f0
common/src/main/resources/databases/mongo/fr.yml	unchanged	2250a8526cb31c21b99605bc77d68fa59de1ab2e	2250a8526cb31c21b99605bc77d68fa59de1ab2e
common/src/main/resources/databases/mongo/it.yml	unchanged	5adc277c256daa689b1c5c10b88dc4823f86fc49	5adc277c256daa689b1c5c10b88dc4823f86fc49
common/src/main/resources/databases/mongo/ja.yml	unchanged	40853417d2ae2e7830958d879a99b70c86bfe37f	40853417d2ae2e7830958d879a99b70c86bfe37f
common/src/main/resources/databases/mongo/nl.yml	unchanged	6af12269c8936da73efd70ad04939faf34341200	6af12269c8936da73efd70ad04939faf34341200
common/src/main/resources/databases/mongo/pt.yml	unchanged	91c4942f316dc108725053f9b5f62a5ce769a1f2	91c4942f316dc108725053f9b5f62a5ce769a1f2
common/src/main/resources/databases/mongo/ru.yml	unchanged	ea09451a03e6714d6f5b6be30c2899a5b313b8be	ea09451a03e6714d6f5b6be30c2899a5b313b8be
common/src/main/resources/databases/mongo/tr.yml	unchanged	5ebb4f460c42599638574c90fea9fc0edd17a728	5ebb4f460c42599638574c90fea9fc0edd17a728
common/src/main/resources/databases/mongo/zh.yml	unchanged	056bb1c17a0d6ad27fbb59c9ee3f490e46a938f8	056bb1c17a0d6ad27fbb59c9ee3f490e46a938f8
common/src/main/resources/databases/mysql/de.yml	unchanged	b3c9efed62f23c0630c2f41e284c8ffc3ece572a	b3c9efed62f23c0630c2f41e284c8ffc3ece572a
common/src/main/resources/databases/mysql/en.yml	unchanged	726b0d1fa08263605e6ac077c304e3721c273be9	726b0d1fa08263605e6ac077c304e3721c273be9
common/src/main/resources/databases/mysql/es.yml	unchanged	520e9d935788078ef93da5f99e64364439cbeaa9	520e9d935788078ef93da5f99e64364439cbeaa9
common/src/main/resources/databases/mysql/fr.yml	unchanged	f741413e8477e83f791fadceeea93ba7369237af	f741413e8477e83f791fadceeea93ba7369237af
common/src/main/resources/databases/mysql/it.yml	unchanged	d5a343591b9a5bc023f2ce08f9e1a8a0bccc1144	d5a343591b9a5bc023f2ce08f9e1a8a0bccc1144
common/src/main/resources/databases/mysql/ja.yml	unchanged	f97d0cd7633d323bb208abd16631551ff62c0879	f97d0cd7633d323bb208abd16631551ff62c0879
common/src/main/resources/databases/mysql/nl.yml	unchanged	11862ae8e20d46ec5047849ed50b80dac91f5b78	11862ae8e20d46ec5047849ed50b80dac91f5b78
common/src/main/resources/databases/mysql/pt.yml	unchanged	aaceadff667cd284e78c1bcc38359c293de34060	aaceadff667cd284e78c1bcc38359c293de34060
common/src/main/resources/databases/mysql/ru.yml	unchanged	5e1a38754f3c91dea5ada73be3d2af22b985b58c	5e1a38754f3c91dea5ada73be3d2af22b985b58c
common/src/main/resources/databases/mysql/tr.yml	unchanged	b8779c6070fd4298dbd30d63de495bc38304adea	b8779c6070fd4298dbd30d63de495bc38304adea
common/src/main/resources/databases/mysql/zh.yml	unchanged	5339f759ef335f2c9612cab6758857a03bebf5fb	5339f759ef335f2c9612cab6758857a03bebf5fb
common/src/main/resources/databases/postgres/de.yml	unchanged	df6692664bb7e88ec26ca9faa05bed0b5b11e7f5	df6692664bb7e88ec26ca9faa05bed0b5b11e7f5
common/src/main/resources/databases/postgres/en.yml	unchanged	ff198ec6976cc9d46d3f8da27b246e6d970cf88d	ff198ec6976cc9d46d3f8da27b246e6d970cf88d
common/src/main/resources/databases/postgres/es.yml	unchanged	39d3940f1e9e38d9e7271024bf98f8c5c48f9935	39d3940f1e9e38d9e7271024bf98f8c5c48f9935
common/src/main/resources/databases/postgres/fr.yml	unchanged	f1e9c4e7d718abb9dd54a39537891f941986cc67	f1e9c4e7d718abb9dd54a39537891f941986cc67
common/src/main/resources/databases/postgres/it.yml	unchanged	ce84262febf34187cfbd67416b3409a14d49ee2d	ce84262febf34187cfbd67416b3409a14d49ee2d
common/src/main/resources/databases/postgres/ja.yml	unchanged	6f2585edb79ad09edb9e1e7150a878606de8b59e	6f2585edb79ad09edb9e1e7150a878606de8b59e
common/src/main/resources/databases/postgres/nl.yml	unchanged	bd0e38d7035c18e8a918e29f2218413299b03c9f	bd0e38d7035c18e8a918e29f2218413299b03c9f
common/src/main/resources/databases/postgres/pt.yml	unchanged	f81b138ef32a32a2b60b8d9393fe550c6ba8ecbf	f81b138ef32a32a2b60b8d9393fe550c6ba8ecbf
common/src/main/resources/databases/postgres/ru.yml	unchanged	4f318e8a3d6f004f1e6bcd307434969b73d4875f	4f318e8a3d6f004f1e6bcd307434969b73d4875f
common/src/main/resources/databases/postgres/tr.yml	unchanged	8ab2c3a17a18fe7577561b2e4b95f3098d2d209c	8ab2c3a17a18fe7577561b2e4b95f3098d2d209c
common/src/main/resources/databases/postgres/zh.yml	unchanged	b1c177b1b097fbe2490a1ece3e86fbf4a4fdc8f1	b1c177b1b097fbe2490a1ece3e86fbf4a4fdc8f1
common/src/main/resources/databases/redis/de.yml	unchanged	4bfee01bb8e804fdfb4db29a7535fd92f9e1d99b	4bfee01bb8e804fdfb4db29a7535fd92f9e1d99b
common/src/main/resources/databases/redis/en.yml	unchanged	adffe17432ecacb2209f20a3bd5f774f69c9c5b4	adffe17432ecacb2209f20a3bd5f774f69c9c5b4
common/src/main/resources/databases/redis/es.yml	unchanged	03992a4356f1c0aa77b4d30bdeb461bed90b01d5	03992a4356f1c0aa77b4d30bdeb461bed90b01d5
common/src/main/resources/databases/redis/fr.yml	unchanged	ad88e2b7923df2454d593820e0873e913e147511	ad88e2b7923df2454d593820e0873e913e147511
common/src/main/resources/databases/redis/it.yml	unchanged	b540f4623e1e701f83fe9d14d41407c4abbad257	b540f4623e1e701f83fe9d14d41407c4abbad257
common/src/main/resources/databases/redis/ja.yml	unchanged	c243e4462e100455dcfe1a3c75b0154b3e029a04	c243e4462e100455dcfe1a3c75b0154b3e029a04
common/src/main/resources/databases/redis/nl.yml	unchanged	92180be067974d97f044a333312bf437615fb504	92180be067974d97f044a333312bf437615fb504
common/src/main/resources/databases/redis/pt.yml	unchanged	f8bf14518a1ea0792343246d1f8b578cce9b72da	f8bf14518a1ea0792343246d1f8b578cce9b72da
common/src/main/resources/databases/redis/ru.yml	unchanged	c3e2c3f61bf2ef711595666f0ae9115035e3a9f3	c3e2c3f61bf2ef711595666f0ae9115035e3a9f3
common/src/main/resources/databases/redis/tr.yml	unchanged	fb28be2e99abef49577cae050f05360a24dea3c2	fb28be2e99abef49577cae050f05360a24dea3c2
common/src/main/resources/databases/redis/zh.yml	unchanged	880fdd66b55f46b9211a5c3848718873182908df	880fdd66b55f46b9211a5c3848718873182908df
common/src/main/resources/databases/sqlite/de.yml	unchanged	8fbb21a2f1fb642747b297df0b09fd57bf149e59	8fbb21a2f1fb642747b297df0b09fd57bf149e59
common/src/main/resources/databases/sqlite/en.yml	unchanged	99c95a4c271ed2a851e716dc5b663bdedac989c9	99c95a4c271ed2a851e716dc5b663bdedac989c9
common/src/main/resources/databases/sqlite/es.yml	unchanged	3f866cc39b4a1a659d4559f52f8754f988b613ed	3f866cc39b4a1a659d4559f52f8754f988b613ed
common/src/main/resources/databases/sqlite/fr.yml	unchanged	7c92d6e628e65fbfd6cec62dc653f6c32a8d9c0b	7c92d6e628e65fbfd6cec62dc653f6c32a8d9c0b
common/src/main/resources/databases/sqlite/it.yml	unchanged	48250e86b9d6e2b0ef9c0163f6ad7a791c00704e	48250e86b9d6e2b0ef9c0163f6ad7a791c00704e
common/src/main/resources/databases/sqlite/ja.yml	unchanged	394b9b50172a2e039b93484d90939b3b9dd1420f	394b9b50172a2e039b93484d90939b3b9dd1420f
common/src/main/resources/databases/sqlite/nl.yml	unchanged	bd2bd940f6b17a931ca423c78009f722d456c3d6	bd2bd940f6b17a931ca423c78009f722d456c3d6
common/src/main/resources/databases/sqlite/pt.yml	unchanged	59633ec204b15e5410bfffed5a35b1b6e5c44454	59633ec204b15e5410bfffed5a35b1b6e5c44454
common/src/main/resources/databases/sqlite/ru.yml	unchanged	88ba5051ac8d5ea40c8b7a6ed0a3776020c4a3c9	88ba5051ac8d5ea40c8b7a6ed0a3776020c4a3c9
common/src/main/resources/databases/sqlite/tr.yml	unchanged	03bed76edcea3d19aaf8d83930a8277f099b4cff	03bed76edcea3d19aaf8d83930a8277f099b4cff
common/src/main/resources/databases/sqlite/zh.yml	unchanged	b44da80fbcdd9a3fd59dfb55136c90f4afd8f0b7	b44da80fbcdd9a3fd59dfb55136c90f4afd8f0b7
common/src/main/resources/discord/de.yml	unchanged	86d6082ae7f997b247f5f1e50e77048a3e39d46d	86d6082ae7f997b247f5f1e50e77048a3e39d46d
common/src/main/resources/discord/en.yml	unchanged	2a88631c04c0ff31f45c1cfdc360d3cedb4f96c6	2a88631c04c0ff31f45c1cfdc360d3cedb4f96c6
common/src/main/resources/discord/es.yml	unchanged	7573cfb754ff0fb5399700221cb37d54293623e9	7573cfb754ff0fb5399700221cb37d54293623e9
common/src/main/resources/discord/fr.yml	unchanged	73f1f47569f645951d843ea1d0b32dcdc4ff9342	73f1f47569f645951d843ea1d0b32dcdc4ff9342
common/src/main/resources/discord/it.yml	unchanged	29bc59f4dfccb8f64c1ce53492b0c364ece1bf0f	29bc59f4dfccb8f64c1ce53492b0c364ece1bf0f
common/src/main/resources/discord/ja.yml	unchanged	288dd0ed222ecb4ff91467bf5bfb8103844bc35a	288dd0ed222ecb4ff91467bf5bfb8103844bc35a
common/src/main/resources/discord/nl.yml	unchanged	b5dcc26309a85cd215fe05b066a91c3457fb45cf	b5dcc26309a85cd215fe05b066a91c3457fb45cf
common/src/main/resources/discord/pt.yml	unchanged	1772f74d3090043ebd220cbd846f0a64889cf7c9	1772f74d3090043ebd220cbd846f0a64889cf7c9
common/src/main/resources/discord/ru.yml	unchanged	c5fcd069b508dfeca2a2f3e26064d4cc5902b22a	c5fcd069b508dfeca2a2f3e26064d4cc5902b22a
common/src/main/resources/discord/tr.yml	unchanged	7ed40706112bd67f4a44b3f0de1dcaa02c8595c8	7ed40706112bd67f4a44b3f0de1dcaa02c8595c8
common/src/main/resources/discord/zh.yml	unchanged	41f3c29fb1d9d21fe974f114c84c10e4d6975aa0	41f3c29fb1d9d21fe974f114c84c10e4d6975aa0
common/src/main/resources/grimac.properties	unchanged	376dd1db0c4d75c200f092360d822d7b7b7846cd	376dd1db0c4d75c200f092360d822d7b7b7846cd
common/src/main/resources/messages/de.yml	unchanged	5db98ada45faf85dd3bea1af5d2d18abbb522017	5db98ada45faf85dd3bea1af5d2d18abbb522017
common/src/main/resources/messages/en.yml	unchanged	e6653f2aafc6ac3323e3bc821e61d407c34f29a4	e6653f2aafc6ac3323e3bc821e61d407c34f29a4
common/src/main/resources/messages/es.yml	unchanged	1558b533586f5c1501a7d10780efa5c6a7a75bd0	1558b533586f5c1501a7d10780efa5c6a7a75bd0
common/src/main/resources/messages/fr.yml	unchanged	41d5eeb761e38804a66a4116f8c52f99913fb4b5	41d5eeb761e38804a66a4116f8c52f99913fb4b5
common/src/main/resources/messages/it.yml	unchanged	213f216b5f7f875ae3ede4741612946705430224	213f216b5f7f875ae3ede4741612946705430224
common/src/main/resources/messages/ja.yml	unchanged	4d892823931da0c654493515eb7695b7a386aab2	4d892823931da0c654493515eb7695b7a386aab2
common/src/main/resources/messages/nl.yml	unchanged	cc60598377a5a4c1df50f0b86440658564566d41	cc60598377a5a4c1df50f0b86440658564566d41
common/src/main/resources/messages/pt.yml	unchanged	64ebeaca81f954a0d6c03dc588c4ade7678b65d1	64ebeaca81f954a0d6c03dc588c4ade7678b65d1
common/src/main/resources/messages/ru.yml	unchanged	35fadc51e93d26f925f1f85775d01a5eb52692a4	35fadc51e93d26f925f1f85775d01a5eb52692a4
common/src/main/resources/messages/tr.yml	unchanged	d52242deaef8555d751ffea3e96338b7a69a0b70	d52242deaef8555d751ffea3e96338b7a69a0b70
common/src/main/resources/messages/zh.yml	unchanged	cbd5b7217ff8ef32f2cc9357735836fe92f5eb3c	cbd5b7217ff8ef32f2cc9357735836fe92f5eb3c
common/src/main/resources/punishments/de.yml	unchanged	056e5a16a9f8ad93a4dee6f8dddb0f80bf9ee5a1	056e5a16a9f8ad93a4dee6f8dddb0f80bf9ee5a1
common/src/main/resources/punishments/en.yml	unchanged	3548cacb220d2e5ca2a194b6c5212937112c90d2	3548cacb220d2e5ca2a194b6c5212937112c90d2
common/src/main/resources/punishments/es.yml	unchanged	a6d17fb7074f19fdf0a368a4c709085b64ab7a36	a6d17fb7074f19fdf0a368a4c709085b64ab7a36
common/src/main/resources/punishments/fr.yml	unchanged	46c54eda6f5e638dbfb7fddcaf0fdeab93247aee	46c54eda6f5e638dbfb7fddcaf0fdeab93247aee
common/src/main/resources/punishments/it.yml	unchanged	a2e06ed87d7aabdb11f05081e5fec486ec1d663c	a2e06ed87d7aabdb11f05081e5fec486ec1d663c
common/src/main/resources/punishments/ja.yml	unchanged	cac97ebbf0ecb4cda732617ad3a38669f6fc4fd7	cac97ebbf0ecb4cda732617ad3a38669f6fc4fd7
common/src/main/resources/punishments/nl.yml	unchanged	05677e7df87cabb9941268eee6b240f274b2b12b	05677e7df87cabb9941268eee6b240f274b2b12b
common/src/main/resources/punishments/pt.yml	unchanged	03697bad67b227da97e40d45680128ef89112f74	03697bad67b227da97e40d45680128ef89112f74
common/src/main/resources/punishments/ru.yml	unchanged	9d706c2a904ca5f4a8d7d4adb1966704fdbcef53	9d706c2a904ca5f4a8d7d4adb1966704fdbcef53
common/src/main/resources/punishments/tr.yml	unchanged	381313ab25939a1bcbe83fe401cf6fd9e82e03b8	381313ab25939a1bcbe83fe401cf6fd9e82e03b8
common/src/main/resources/punishments/zh.yml	unchanged	5bfab6b5b0155e55a6799f8ba5f498fad9965281	5bfab6b5b0155e55a6799f8ba5f498fad9965281
common/src/test/java/ac/grim/grimac/checks/VerboseTemplateAuditTest.java	unchanged	b1f2e565ae838842a9d9a914d5f65e5f3f501da7	b1f2e565ae838842a9d9a914d5f65e5f3f501da7
common/src/test/java/ac/grim/grimac/manager/datastore/LeaseStartupLivenessTest.java	unchanged	48c1017e28a1a64a935a7f8514056b88749810a7	48c1017e28a1a64a935a7f8514056b88749810a7
common/src/test/java/ac/grim/grimac/manager/datastore/V2InstanceRegistryTest.java	unchanged	aa91f3f8f2dac8883e2a850219c064930e3087bc	aa91f3f8f2dac8883e2a850219c064930e3087bc
fabric/build.gradle.kts	unchanged	1f3f4bf1ce61204ddb68df72fd878ff60218d83c	1f3f4bf1ce61204ddb68df72fd878ff60218d83c
fabric/gradle.properties	unchanged	0fb28ce4eed1b89f1b77969da978b40371ccf712	0fb28ce4eed1b89f1b77969da978b40371ccf712
fabric/intermediary/build.gradle.kts	unchanged	e8db3ef90bcb88318f56325f9e24086951f6b62c	e8db3ef90bcb88318f56325f9e24086951f6b62c
fabric/intermediary/gradle.properties	unchanged	974299cfec15c04136d5438207dbaaadf3db13ac	974299cfec15c04136d5438207dbaaadf3db13ac
fabric/intermediary/mc1161/build.gradle.kts	unchanged	67e299c3129b6aed7a94a8596914dc3a3e1207da	67e299c3129b6aed7a94a8596914dc3a3e1207da
fabric/intermediary/mc1161/src/main/java/ac/grim/grimac/platform/fabric/mc1161/Fabric1140PlatformServer.java	unchanged	ee583edc9572a7e2954cc747a7c972e984140044	ee583edc9572a7e2954cc747a7c972e984140044
fabric/intermediary/mc1161/src/main/java/ac/grim/grimac/platform/fabric/mc1161/GrimACFabric1161LoaderPlugin.java	unchanged	2308d53e540c7aaf79f7349bf312aeb6116b29f8	2308d53e540c7aaf79f7349bf312aeb6116b29f8
fabric/intermediary/mc1161/src/main/java/ac/grim/grimac/platform/fabric/mc1161/entity/Fabric1161GrimEntity.java	unchanged	f6de4116786a973c566436e31f25c4e282b65403	f6de4116786a973c566436e31f25c4e282b65403
fabric/intermediary/mc1161/src/main/java/ac/grim/grimac/platform/fabric/mc1161/player/Fabric1161PlatformInventory.java	unchanged	a007f1b0acd5536ff64fc011dfd92e1b9b818425	a007f1b0acd5536ff64fc011dfd92e1b9b818425
fabric/intermediary/mc1161/src/main/java/ac/grim/grimac/platform/fabric/mc1161/player/Fabric1161PlatformPlayer.java	unchanged	e1c0c698e8f981ee0933c89505da11f4ffcc723e	e1c0c698e8f981ee0933c89505da11f4ffcc723e
fabric/intermediary/mc1161/src/main/java/ac/grim/grimac/platform/fabric/mc1161/util/convert/Fabric1140ConversionUtil.java	unchanged	30e625a1fda5f8bce3716fce04e99c564ed7a9cb	30e625a1fda5f8bce3716fce04e99c564ed7a9cb
fabric/intermediary/mc1161/src/main/java/ac/grim/grimac/platform/fabric/mc1161/util/convert/Fabric1161MessageUtil.java	unchanged	e656dfde97484734927a536813cc7f08878c0245	e656dfde97484734927a536813cc7f08878c0245
fabric/intermediary/mc1161/src/main/resources/fabric.mod.json	unchanged	08383c1027bdd3fda6bb38bb4c14e6ed48d37132	08383c1027bdd3fda6bb38bb4c14e6ed48d37132
fabric/intermediary/mc1161/src/main/resources/grimac.accesswidener	unchanged	14b8f686f1ba680af3dd8be5eb3089df14506410	14b8f686f1ba680af3dd8be5eb3089df14506410
fabric/intermediary/mc1171/build.gradle.kts	unchanged	10d30c35c53a48c5ca5a48928fab96f94272c0c3	10d30c35c53a48c5ca5a48928fab96f94272c0c3
fabric/intermediary/mc1171/src/main/java/ac/grim/grimac/platform/fabric/mc1171/Fabric1171PlatformServer.java	unchanged	5e1df8d6858f5e44e126aa52ecae28d1736883b8	5e1df8d6858f5e44e126aa52ecae28d1736883b8
fabric/intermediary/mc1171/src/main/java/ac/grim/grimac/platform/fabric/mc1171/GrimACFabric1170LoaderPlugin.java	unchanged	f2e8cb33fbdfbfc34b0a3df485cd318ead142347	f2e8cb33fbdfbfc34b0a3df485cd318ead142347
fabric/intermediary/mc1171/src/main/java/ac/grim/grimac/platform/fabric/mc1171/entity/Fabric1170GrimEntity.java	unchanged	1e84e7e4fc6686b8b8b33dc4d7b74b28198d38b6	1e84e7e4fc6686b8b8b33dc4d7b74b28198d38b6
fabric/intermediary/mc1171/src/main/java/ac/grim/grimac/platform/fabric/mc1171/player/Fabric1170PlatformPlayer.java	unchanged	ca07ca737b72640b270ff6cc4cda00467206b918	ca07ca737b72640b270ff6cc4cda00467206b918
fabric/intermediary/mc1171/src/main/resources/fabric.mod.json	unchanged	9411c3ebae7125bcef164c45b4a1da316289acf2	9411c3ebae7125bcef164c45b4a1da316289acf2
fabric/intermediary/mc1171/src/main/resources/grimac.accesswidener	unchanged	14b8f686f1ba680af3dd8be5eb3089df14506410	14b8f686f1ba680af3dd8be5eb3089df14506410
fabric/intermediary/mc1194/build.gradle.kts	unchanged	1a3cde3d80215710f6de3c0dadab1e5d204fd303	1a3cde3d80215710f6de3c0dadab1e5d204fd303
fabric/intermediary/mc1194/src/main/java/ac/grim/grimac/platform/fabric/mc1194/Fabric1190PlatformServer.java	unchanged	7422780cfcabf45972e85ced41715fd36aa08147	7422780cfcabf45972e85ced41715fd36aa08147
fabric/intermediary/mc1194/src/main/java/ac/grim/grimac/platform/fabric/mc1194/GrimACFabric1190LoaderPlugin.java	unchanged	082cac847d080f8bb65573a3ce4f8b367fa4c47e	082cac847d080f8bb65573a3ce4f8b367fa4c47e
fabric/intermediary/mc1194/src/main/java/ac/grim/grimac/platform/fabric/mc1194/convert/Fabric1190MessageUtil.java	unchanged	299a82b71c2cc2e0cae9942b8af786b1b73a24e5	299a82b71c2cc2e0cae9942b8af786b1b73a24e5
fabric/intermediary/mc1194/src/main/java/ac/grim/grimac/platform/fabric/mc1194/entity/Fabric1194GrimEntity.java	unchanged	1139294acb872b7ceec29d5fce6cf0f9a94e4dfb	1139294acb872b7ceec29d5fce6cf0f9a94e4dfb
fabric/intermediary/mc1194/src/main/java/ac/grim/grimac/platform/fabric/mc1194/player/Fabric1193PlatformInventory.java	unchanged	8a267d59b69ce88562fc9c2f3ea82ae435548b12	8a267d59b69ce88562fc9c2f3ea82ae435548b12
fabric/intermediary/mc1194/src/main/resources/fabric.mod.json	unchanged	3fce5900ad081ee01eb69100f91deb5dd403358b	3fce5900ad081ee01eb69100f91deb5dd403358b
fabric/intermediary/mc1194/src/main/resources/grimac.accesswidener	unchanged	14b8f686f1ba680af3dd8be5eb3089df14506410	14b8f686f1ba680af3dd8be5eb3089df14506410
fabric/intermediary/mc1205/build.gradle.kts	unchanged	1e0af6a0bdb64ff20dcc35f4251f0504dbbc7e8a	1e0af6a0bdb64ff20dcc35f4251f0504dbbc7e8a
fabric/intermediary/mc1205/src/main/java/ac/grim/grimac/platform/fabric/mc1205/Fabric1203PlatformServer.java	unchanged	12bbf8202ce4c2455b3641789146b1e2e1e948a9	12bbf8202ce4c2455b3641789146b1e2e1e948a9
fabric/intermediary/mc1205/src/main/java/ac/grim/grimac/platform/fabric/mc1205/GrimACFabric1200LoaderPlugin.java	unchanged	59cb05f35aa2098b5510a94059aad82473c251c7	59cb05f35aa2098b5510a94059aad82473c251c7
fabric/intermediary/mc1205/src/main/java/ac/grim/grimac/platform/fabric/mc1205/convert/Fabric1200MessageUtil.java	unchanged	a44ac498768c4647c64d72d121ca77479a07aedc	a44ac498768c4647c64d72d121ca77479a07aedc
fabric/intermediary/mc1205/src/main/java/ac/grim/grimac/platform/fabric/mc1205/convert/Fabric1205ConversionUtil.java	unchanged	4a257ec8c279e59043c816295f1809116694e8a2	4a257ec8c279e59043c816295f1809116694e8a2
fabric/intermediary/mc1205/src/main/java/ac/grim/grimac/platform/fabric/mc1205/player/Fabric1202PlatformPlayer.java	unchanged	10de11a61a10563cc188bc5ac8a99bb8890cb2a2	10de11a61a10563cc188bc5ac8a99bb8890cb2a2
fabric/intermediary/mc1205/src/main/resources/fabric.mod.json	unchanged	1b1d0dca1cbb1f90295350ee6b037d952b880be7	1b1d0dca1cbb1f90295350ee6b037d952b880be7
fabric/intermediary/mc1205/src/main/resources/grimac.accesswidener	unchanged	14b8f686f1ba680af3dd8be5eb3089df14506410	14b8f686f1ba680af3dd8be5eb3089df14506410
fabric/intermediary/mc12111/build.gradle.kts	unchanged	eebde8056861e60a9a6d84a07f6f88ace542384b	eebde8056861e60a9a6d84a07f6f88ace542384b
fabric/intermediary/mc12111/src/main/java/ac/grim/grimac/platform/fabric/mc1216/Fabric12111PlatformServer.java	unchanged	e890163ff97f195c52f79c2c55854ac39ca3ccbe	e890163ff97f195c52f79c2c55854ac39ca3ccbe
fabric/intermediary/mc12111/src/main/java/ac/grim/grimac/platform/fabric/mc1216/GrimACFabric1212LoaderPlugin.java	unchanged	ef88e7f5b2bf1f940acaf91e0e69b81910430236	ef88e7f5b2bf1f940acaf91e0e69b81910430236
fabric/intermediary/mc12111/src/main/java/ac/grim/grimac/platform/fabric/mc1216/convert/Fabric1216ConversionUtil.java	unchanged	4fd1a0b1c6aef8c382ca157a498d1a8827bd4d67	4fd1a0b1c6aef8c382ca157a498d1a8827bd4d67
fabric/intermediary/mc12111/src/main/java/ac/grim/grimac/platform/fabric/mc1216/player/Fabric1212PlatformPlayer.java	unchanged	d31c9adc91a6009e59122ded348588e73d1e5dff	d31c9adc91a6009e59122ded348588e73d1e5dff
fabric/intermediary/mc12111/src/main/java/ac/grim/grimac/platform/fabric/mc1216/player/Fabric1215PlatformInventory.java	unchanged	234997252b58286ad8df0dc8802a7427afda72f0	234997252b58286ad8df0dc8802a7427afda72f0
fabric/intermediary/mc12111/src/main/resources/fabric.mod.json	unchanged	efa6232ccea0706dfb00fa2fe1a402cceb62bd16	efa6232ccea0706dfb00fa2fe1a402cceb62bd16
fabric/intermediary/mc12111/src/main/resources/grimac.accesswidener	unchanged	14b8f686f1ba680af3dd8be5eb3089df14506410	14b8f686f1ba680af3dd8be5eb3089df14506410
fabric/intermediary/src/main/java/ac/grim/grimac/platform/fabric/GrimACFabricIntermediaryEntryPoint.java	unchanged	72ae68ab066a7e629b30df12a17fbdd2d27ab306	72ae68ab066a7e629b30df12a17fbdd2d27ab306
fabric/intermediary/src/main/java/ac/grim/grimac/platform/fabric/GrimACFabricIntermediaryLoaderPlugin.java	unchanged	32e88da668dc3a2b47be891a9a0204a37597f69b	32e88da668dc3a2b47be891a9a0204a37597f69b
fabric/intermediary/src/main/java/ac/grim/grimac/platform/fabric/mixins/FabricIntermediaryCommandSourceStackMixin.java	unchanged	6da2712387ace64ff18ea47e311b7064fcd4d368	6da2712387ace64ff18ea47e311b7064fcd4d368
fabric/intermediary/src/main/java/ac/grim/grimac/platform/fabric/mixins/FabricIntermediaryEntityMixin.java	unchanged	334d148c11cd31706ec3e692e8ed8391087ce04f	334d148c11cd31706ec3e692e8ed8391087ce04f
fabric/intermediary/src/main/java/ac/grim/grimac/platform/fabric/mixins/FabricIntermediaryLevelChunkMixin.java	unchanged	818334edc4b8005a04399d21531b935b84ce97d6	818334edc4b8005a04399d21531b935b84ce97d6
fabric/intermediary/src/main/java/ac/grim/grimac/platform/fabric/mixins/FabricIntermediaryLevelMixin.java	unchanged	ca26fb8d7485e92b8c4ee48b1d2ea0df65878367	ca26fb8d7485e92b8c4ee48b1d2ea0df65878367
fabric/intermediary/src/main/java/ac/grim/grimac/platform/fabric/mixins/FabricIntermediaryPistonBaseBlockMixin.java	unchanged	c9dfab6e6ba6076cc96814afe4a0ea5903d8eb97	c9dfab6e6ba6076cc96814afe4a0ea5903d8eb97
fabric/intermediary/src/main/java/ac/grim/grimac/platform/fabric/mixins/FabricIntermediaryServerMixin.java	unchanged	1fa0856ace795e659eac29b56babb730aefe4971	1fa0856ace795e659eac29b56babb730aefe4971
fabric/intermediary/src/main/java/ac/grim/grimac/platform/fabric/mixins/FabricIntermediaryServerPlayerMixin.java	unchanged	a566bac45fd45895ef93304a3ade2ac5c0b63343	a566bac45fd45895ef93304a3ade2ac5c0b63343
fabric/intermediary/src/main/java/ac/grim/grimac/platform/fabric/sender/FabricIntermediarySenderFactory.java	unchanged	fc70076fd98ba8ea4be763d452e45cd859bc14d2	fc70076fd98ba8ea4be763d452e45cd859bc14d2
fabric/intermediary/src/main/java/ac/grim/grimac/platform/fabric/utils/FabricIntermediaryPolymerHook.java	unchanged	d6e93a80451740f72a17fe84e5e343d2cdc8758a	d6e93a80451740f72a17fe84e5e343d2cdc8758a
fabric/intermediary/src/main/java/ac/grim/grimac/platform/fabric/utils/convert/FabricIntermediaryConversionUtil.java	unchanged	83e4b062fb254faaa2298f075a60067b671a5b65	83e4b062fb254faaa2298f075a60067b671a5b65
fabric/intermediary/src/main/java/ac/grim/grimac/platform/fabric/utils/world/FabricIntermediaryLevelChunkUtil.java	unchanged	64af2bde2cadaf8e60144e88566c0b8bed5f3320	64af2bde2cadaf8e60144e88566c0b8bed5f3320
fabric/intermediary/src/main/resources/fabric.mod.json	unchanged	bf40be4f5f3b8bf74c31a0ccc267ead4e701aaa1	bf40be4f5f3b8bf74c31a0ccc267ead4e701aaa1
fabric/intermediary/src/main/resources/grimac.accesswidener	unchanged	b22ebff04e17a03afde5f37895394c4be130fd75	b22ebff04e17a03afde5f37895394c4be130fd75
fabric/intermediary/src/main/resources/grimac.mixins.json	unchanged	81624eae0b3a16025369e5d3883356285e542bf2	81624eae0b3a16025369e5d3883356285e542bf2
fabric/official/build.gradle.kts	unchanged	5fd6cc1d7ac331728efc28b1ce3da6e1115fe4aa	5fd6cc1d7ac331728efc28b1ce3da6e1115fe4aa
fabric/official/gradle.properties	unchanged	bd952ca8fddcea7c293f6ad482e7aa008db69a4f	bd952ca8fddcea7c293f6ad482e7aa008db69a4f
fabric/official/mc261/build.gradle.kts	unchanged	6a636528feac79907d22975eb94d3eb4ad60488c	6a636528feac79907d22975eb94d3eb4ad60488c
fabric/official/mc261/gradle.properties	unchanged	c6ba8c3807d764e5da971344f0dbd03f6c81b280	c6ba8c3807d764e5da971344f0dbd03f6c81b280
fabric/official/mc261/src/main/java/ac/grim/grimac/platform/fabric/mc261/Fabric261ConversionUtil.java	unchanged	4d4c9c012b1265ae6863eb26123c8ebd4091e4d1	4d4c9c012b1265ae6863eb26123c8ebd4091e4d1
fabric/official/mc261/src/main/java/ac/grim/grimac/platform/fabric/mc261/Fabric261GrimEntity.java	unchanged	2f0b92415c356a0cc51228fb86595e16d46cd443	2f0b92415c356a0cc51228fb86595e16d46cd443
fabric/official/mc261/src/main/java/ac/grim/grimac/platform/fabric/mc261/Fabric261LoaderPlugin.java	unchanged	60ec42a05da375b3e33421d9006df73bfb4bd5af	60ec42a05da375b3e33421d9006df73bfb4bd5af
fabric/official/mc261/src/main/java/ac/grim/grimac/platform/fabric/mc261/Fabric261MessageUtil.java	unchanged	93530a187d1af75ef17d4bc36ea8ef338aa44f4d	93530a187d1af75ef17d4bc36ea8ef338aa44f4d
fabric/official/mc261/src/main/java/ac/grim/grimac/platform/fabric/mc261/Fabric261PlatformInventory.java	unchanged	c5d9aae9050f84e7bc42767b36178865d478918a	c5d9aae9050f84e7bc42767b36178865d478918a
fabric/official/mc261/src/main/java/ac/grim/grimac/platform/fabric/mc261/Fabric261PlatformPlayer.java	unchanged	08e7449f3c05cb52a2298d483af712140c84d2ff	08e7449f3c05cb52a2298d483af712140c84d2ff
fabric/official/mc261/src/main/java/ac/grim/grimac/platform/fabric/mc261/Fabric261PlatformServer.java	unchanged	1261691e1e270f219ad39eb741d1be0e2ba97a03	1261691e1e270f219ad39eb741d1be0e2ba97a03
fabric/official/mc261/src/main/resources/fabric.mod.json	unchanged	3c5d33b71349ffef0f886898d1c2f057f33f09dd	3c5d33b71349ffef0f886898d1c2f057f33f09dd
fabric/official/src/main/java/ac/grim/grimac/platform/fabric/GrimACFabricOfficialEntryPoint.java	unchanged	9b89ad99f0d2af64403cbf334d18ac9559bda86c	9b89ad99f0d2af64403cbf334d18ac9559bda86c
fabric/official/src/main/java/ac/grim/grimac/platform/fabric/GrimACFabricOfficialLoaderPlugin.java	unchanged	72ab88d84d2fd89124c792660f6040d4a6537bc0	72ab88d84d2fd89124c792660f6040d4a6537bc0
fabric/official/src/main/java/ac/grim/grimac/platform/fabric/mixins/FabricOfficialCommandSourceStackMixin.java	unchanged	e04b9e30909d78d7867e2872f0b4881e98749020	e04b9e30909d78d7867e2872f0b4881e98749020
fabric/official/src/main/java/ac/grim/grimac/platform/fabric/mixins/FabricOfficialEntityMixin.java	unchanged	51adad4e5f51d2c5004ffa48eb43b979ccadaf92	51adad4e5f51d2c5004ffa48eb43b979ccadaf92
fabric/official/src/main/java/ac/grim/grimac/platform/fabric/mixins/FabricOfficialLevelChunkMixin.java	unchanged	691f3cba3594d58f58fb662598e2f19a1ec8f7ec	691f3cba3594d58f58fb662598e2f19a1ec8f7ec
fabric/official/src/main/java/ac/grim/grimac/platform/fabric/mixins/FabricOfficialLevelMixin.java	unchanged	7f4dddedccf3cb6b76734fd5af8f56423ca98a21	7f4dddedccf3cb6b76734fd5af8f56423ca98a21
fabric/official/src/main/java/ac/grim/grimac/platform/fabric/mixins/FabricOfficialPistonBaseBlockMixin.java	unchanged	908b69b656ac06830f8b86037ddabbb80177f06a	908b69b656ac06830f8b86037ddabbb80177f06a
fabric/official/src/main/java/ac/grim/grimac/platform/fabric/mixins/FabricOfficialServerMixin.java	unchanged	1a28a927c56d218df397a71be66bd595d8a2c418	1a28a927c56d218df397a71be66bd595d8a2c418
fabric/official/src/main/java/ac/grim/grimac/platform/fabric/mixins/FabricOfficialServerPlayerMixin.java	unchanged	ebec4ae4cc6171f15865968f94e189e4dc9d03d4	ebec4ae4cc6171f15865968f94e189e4dc9d03d4
fabric/official/src/main/java/ac/grim/grimac/platform/fabric/sender/FabricOfficialSenderFactory.java	unchanged	6832d31a9e2e53c234e6335edc9f2f54f36b804c	6832d31a9e2e53c234e6335edc9f2f54f36b804c
fabric/official/src/main/java/ac/grim/grimac/platform/fabric/utils/FabricOfficialPolymerHook.java	unchanged	047fcf3d8fae938a2c3bb1463f746fbf5a36b598	047fcf3d8fae938a2c3bb1463f746fbf5a36b598
fabric/official/src/main/java/ac/grim/grimac/platform/fabric/utils/convert/FabricOfficialConversionUtil.java	unchanged	78c4610475a3e70867be7efa2a766f6c3fb7ce29	78c4610475a3e70867be7efa2a766f6c3fb7ce29
fabric/official/src/main/java/ac/grim/grimac/platform/fabric/utils/world/FabricOfficialLevelChunkUtil.java	unchanged	142ed6b0c96b47098f2f54f4d89ec418434852ed	142ed6b0c96b47098f2f54f4d89ec418434852ed
fabric/official/src/main/resources/fabric.mod.json	unchanged	186ae350c26f8e26ea66bb955abfbf3d92d2e0d5	186ae350c26f8e26ea66bb955abfbf3d92d2e0d5
fabric/official/src/main/resources/grimac.accesswidener	unchanged	583960e70ac32dd158e41aec684a24275dfe42ec	583960e70ac32dd158e41aec684a24275dfe42ec
fabric/official/src/main/resources/grimac.mixins.json	unchanged	ebb9b2d472b63010e50de4887b7c286440368307	ebb9b2d472b63010e50de4887b7c286440368307
fabric/shared/build.gradle.kts	unchanged	eea6d27a5c6e2f0f351c03eb95a55bb067ad8af7	eea6d27a5c6e2f0f351c03eb95a55bb067ad8af7
fabric/shared/src/main/java/ac/grim/grimac/platform/fabric/AbstractFabricPlatformServer.java	unchanged	08dcd78c8b529efc3c01407479ed1acc0e001059	08dcd78c8b529efc3c01407479ed1acc0e001059
fabric/shared/src/main/java/ac/grim/grimac/platform/fabric/AbstractGrimACFabricEntryPoint.java	unchanged	cd42fd84cf5e93e47a62969e922ac4d642550d25	cd42fd84cf5e93e47a62969e922ac4d642550d25
fabric/shared/src/main/java/ac/grim/grimac/platform/fabric/AbstractGrimACFabricLoaderPlugin.java	unchanged	197e4af17354b9aa8d17167b7bfa97a26527be43	197e4af17354b9aa8d17167b7bfa97a26527be43
fabric/shared/src/main/java/ac/grim/grimac/platform/fabric/FabricPlatformPlugin.java	unchanged	3091e54c91b6bf6421e325daceacb67f4f1fca01	3091e54c91b6bf6421e325daceacb67f4f1fca01
fabric/shared/src/main/java/ac/grim/grimac/platform/fabric/FabricPlatformServices.java	unchanged	1e69d1444b85b2cfd42470e8743dec288333718a	1e69d1444b85b2cfd42470e8743dec288333718a
fabric/shared/src/main/java/ac/grim/grimac/platform/fabric/FabricServerEvents.java	unchanged	9e60cc1ecbcaa15d7ba556c7e9aced62bcd288c9	9e60cc1ecbcaa15d7ba556c7e9aced62bcd288c9
fabric/shared/src/main/java/ac/grim/grimac/platform/fabric/command/FabricPlayerSelectorAdapter.java	unchanged	15e7655f9248e6408ed94256a97aecf363313d64	15e7655f9248e6408ed94256a97aecf363313d64
fabric/shared/src/main/java/ac/grim/grimac/platform/fabric/command/FabricPlayerSelectorParser.java	unchanged	a35ee25268c2906da378fdb74057803206b10a78	a35ee25268c2906da378fdb74057803206b10a78
fabric/shared/src/main/java/ac/grim/grimac/platform/fabric/entity/AbstractFabricGrimEntity.java	unchanged	bd1b65f51b846df5dd19a818d8317e763d8229b7	bd1b65f51b846df5dd19a818d8317e763d8229b7
fabric/shared/src/main/java/ac/grim/grimac/platform/fabric/initables/FabricBStats.java	unchanged	98c5a9704d5539f9e46e79c4d234897b2cbc7a2d	98c5a9704d5539f9e46e79c4d234897b2cbc7a2d
fabric/shared/src/main/java/ac/grim/grimac/platform/fabric/initables/FabricLuckPermsHandler.java	unchanged	5c491cdafac60cd32440c937b56995bea88b0f46	5c491cdafac60cd32440c937b56995bea88b0f46
fabric/shared/src/main/java/ac/grim/grimac/platform/fabric/initables/FabricLuckPermsInitable.java	unchanged	26bcd817bc02a23977301905e4ed9bfe108662ab	26bcd817bc02a23977301905e4ed9bfe108662ab
fabric/shared/src/main/java/ac/grim/grimac/platform/fabric/initables/FabricTickEndEvent.java	unchanged	edb7671a549a932c0d1980e00e3a508c626cc37d	edb7671a549a932c0d1980e00e3a508c626cc37d
fabric/shared/src/main/java/ac/grim/grimac/platform/fabric/inject/FabricEntityHandle.java	unchanged	071e507dae3ec6c07d885846b5c5511b8b4c975e	071e507dae3ec6c07d885846b5c5511b8b4c975e
fabric/shared/src/main/java/ac/grim/grimac/platform/fabric/inject/FabricMinecraftServerHandle.java	unchanged	8dac5cb9f5f52940aebb7f5107f2a19c310d257f	8dac5cb9f5f52940aebb7f5107f2a19c310d257f
fabric/shared/src/main/java/ac/grim/grimac/platform/fabric/inject/FabricServerPlayerHandle.java	unchanged	17a5fcc8b69c954c5df3a8c2eb7812050e5d470c	17a5fcc8b69c954c5df3a8c2eb7812050e5d470c
fabric/shared/src/main/java/ac/grim/grimac/platform/fabric/manager/FabricCloudPlatformCommandArguments.java	unchanged	14bd728be8190a0354b92d110998479bad66b32d	14bd728be8190a0354b92d110998479bad66b32d
fabric/shared/src/main/java/ac/grim/grimac/platform/fabric/manager/FabricItemResetHandler.java	unchanged	711b0876dbc555cdd61ef18495db037df3085e4f	711b0876dbc555cdd61ef18495db037df3085e4f
fabric/shared/src/main/java/ac/grim/grimac/platform/fabric/manager/FabricMessagePlaceHolderManager.java	unchanged	ba5fb5d12452754f021e622080b79267897b91b6	ba5fb5d12452754f021e622080b79267897b91b6
fabric/shared/src/main/java/ac/grim/grimac/platform/fabric/manager/FabricPermissionRegistrationManager.java	unchanged	068d0cbd6797a4505268384a61f301a6fe55d79a	068d0cbd6797a4505268384a61f301a6fe55d79a
fabric/shared/src/main/java/ac/grim/grimac/platform/fabric/manager/FabricPlatformPluginManager.java	unchanged	ff320fd2d1cfec226610bc020cf89ac68bf8752c	ff320fd2d1cfec226610bc020cf89ac68bf8752c
fabric/shared/src/main/java/ac/grim/grimac/platform/fabric/player/AbstractFabricPlatformInventory.java	unchanged	5a2607a41872e0212d8f996475ae1a0a4dec941c	5a2607a41872e0212d8f996475ae1a0a4dec941c
fabric/shared/src/main/java/ac/grim/grimac/platform/fabric/player/AbstractFabricPlatformPlayer.java	unchanged	e27a5b2b4ca8f985cb2ca8261e33cada96c3bb66	e27a5b2b4ca8f985cb2ca8261e33cada96c3bb66
fabric/shared/src/main/java/ac/grim/grimac/platform/fabric/player/FabricOfflinePlatformPlayer.java	unchanged	d4b1d3fd62a0f5e9ca43a8bea0da0e548994b1f0	d4b1d3fd62a0f5e9ca43a8bea0da0e548994b1f0
fabric/shared/src/main/java/ac/grim/grimac/platform/fabric/player/FabricOfflineProfile.java	unchanged	7f0856fe410a90df176c930e1cea1e5fb8b462d9	7f0856fe410a90df176c930e1cea1e5fb8b462d9
fabric/shared/src/main/java/ac/grim/grimac/platform/fabric/player/FabricPlatformPlayerFactory.java	unchanged	dffb0be8736742402a39fdffb4a7f4eef4a403f4	dffb0be8736742402a39fdffb4a7f4eef4a403f4
fabric/shared/src/main/java/ac/grim/grimac/platform/fabric/resolver/FabricResolverRegistrar.java	unchanged	293ba52fbc019d1779e7101b8b5b4edb1048eb6a	293ba52fbc019d1779e7101b8b5b4edb1048eb6a
fabric/shared/src/main/java/ac/grim/grimac/platform/fabric/scheduler/FabricAsyncScheduler.java	unchanged	92feeefed3168a0314ec44a42ead5e4ce8700ca2	92feeefed3168a0314ec44a42ead5e4ce8700ca2
fabric/shared/src/main/java/ac/grim/grimac/platform/fabric/scheduler/FabricEntityScheduler.java	unchanged	cfe0a8c00999c58d3b865b718709075afdbee0a9	cfe0a8c00999c58d3b865b718709075afdbee0a9
fabric/shared/src/main/java/ac/grim/grimac/platform/fabric/scheduler/FabricGlobalRegionScheduler.java	unchanged	ab2c45224ef4450cc089e64edba1711d57ebe3aa	ab2c45224ef4450cc089e64edba1711d57ebe3aa
fabric/shared/src/main/java/ac/grim/grimac/platform/fabric/scheduler/FabricPlatformScheduler.java	unchanged	936a28fdfcbb1303b868ff1295742ef9658b9d19	936a28fdfcbb1303b868ff1295742ef9658b9d19
fabric/shared/src/main/java/ac/grim/grimac/platform/fabric/scheduler/FabricRegionScheduler.java	unchanged	aa7e159ccb1cbd6454c884d9fee363b3fa22944f	aa7e159ccb1cbd6454c884d9fee363b3fa22944f
fabric/shared/src/main/java/ac/grim/grimac/platform/fabric/scheduler/FabricTaskHandle.java	unchanged	5d4279c9bd92cb0bd8d845a9560727936499aae0	5d4279c9bd92cb0bd8d845a9560727936499aae0
fabric/shared/src/main/java/ac/grim/grimac/platform/fabric/sender/AbstractFabricSenderFactory.java	unchanged	0c1a85fbfa3e08854ce82df4eaf48d0605573114	0c1a85fbfa3e08854ce82df4eaf48d0605573114
fabric/shared/src/main/java/ac/grim/grimac/platform/fabric/utils/FabricItemContextHook.java	unchanged	abfcb6533b8dbc20d5fd8a1a415667c38dda9e7a	abfcb6533b8dbc20d5fd8a1a415667c38dda9e7a
fabric/shared/src/main/java/ac/grim/grimac/platform/fabric/utils/convert/IFabricConversionUtil.java	unchanged	ee61d871a37a7ebeb8a2e38734aa5c9e6b7d2514	ee61d871a37a7ebeb8a2e38734aa5c9e6b7d2514
fabric/shared/src/main/java/ac/grim/grimac/platform/fabric/utils/message/IFabricMessageUtil.java	unchanged	2feb55831e585ac8cf37c41239d112a90d263ae0	2feb55831e585ac8cf37c41239d112a90d263ae0
fabric/shared/src/main/java/ac/grim/grimac/platform/fabric/utils/message/JULoggerFactory.java	unchanged	a99ce55ebd5fd778907cc40be18b587d94d6620b	a99ce55ebd5fd778907cc40be18b587d94d6620b
fabric/shared/src/main/java/ac/grim/grimac/platform/fabric/utils/message/Log4jBackedJULogger.java	unchanged	e369e3e5755a65a6b54655cbcabd807f0f7609d2	e369e3e5755a65a6b54655cbcabd807f0f7609d2
fabric/shared/src/main/java/ac/grim/grimac/platform/fabric/utils/message/Slf4jBackedJULogger.java	unchanged	3792720fd4103155a4fb45743f02ad1825a0806f	3792720fd4103155a4fb45743f02ad1825a0806f
fabric/shared/src/main/java/ac/grim/grimac/platform/fabric/utils/metrics/BStatsConfig.java	unchanged	25c0c1120ac83b3c67771e4905b75d54c8425a65	25c0c1120ac83b3c67771e4905b75d54c8425a65
fabric/shared/src/main/java/ac/grim/grimac/platform/fabric/utils/metrics/CustomChart.java	unchanged	3c556aeffa800f909933eeccac3b3ce5d60a8119	3c556aeffa800f909933eeccac3b3ce5d60a8119
fabric/shared/src/main/java/ac/grim/grimac/platform/fabric/utils/metrics/JsonObjectBuilder.java	unchanged	f9ca5d763b92206c234027f71293311596f28552	f9ca5d763b92206c234027f71293311596f28552
fabric/shared/src/main/java/ac/grim/grimac/platform/fabric/utils/metrics/Metrics.java	unchanged	b628bb4dd84764a8a4d6f83390c050852bfb8a8c	b628bb4dd84764a8a4d6f83390c050852bfb8a8c
fabric/shared/src/main/java/ac/grim/grimac/platform/fabric/utils/metrics/MetricsBase.java	unchanged	c765101ffee936cb3f7cf32068408879ee8805cc	c765101ffee936cb3f7cf32068408879ee8805cc
fabric/shared/src/main/java/ac/grim/grimac/platform/fabric/utils/metrics/MetricsFabric.java	unchanged	84329663547209627dcae6047a2fbc22a54146f4	84329663547209627dcae6047a2fbc22a54146f4
fabric/shared/src/main/java/ac/grim/grimac/platform/fabric/utils/thread/FabricFutureUtil.java	unchanged	af4019258724831e64f4e90a3bd669716946810b	af4019258724831e64f4e90a3bd669716946810b
fabric/src/main/resources/fabric.mod.json	unchanged	682c60cb1991e3a176a4d2ae2397562c21caad4d	682c60cb1991e3a176a4d2ae2397562c21caad4d
gradle.properties	modified	54804e82bde269e9fa343a3429a16af58a753e72	7f8fb6f1a1287165d4f142cdfbaac372b595206f
gradle/wrapper/gradle-wrapper.jar	unchanged	8bdaf60c75ab801e22807dde59e12a8735a34077	8bdaf60c75ab801e22807dde59e12a8735a34077
gradle/wrapper/gradle-wrapper.properties	unchanged	c61a118f7ddb21223f1a2fdd05f6aec1b9863aec	c61a118f7ddb21223f1a2fdd05f6aec1b9863aec
gradlew	unchanged	adff685a0348c64b2b64f0b302f1f82b28eeaaea	adff685a0348c64b2b64f0b302f1f82b28eeaaea
gradlew.bat	unchanged	c4bdd3ab8e3ccd2ac3a2bc0db0f856f16b79ef39	c4bdd3ab8e3ccd2ac3a2bc0db0f856f16b79ef39
libs.versions.toml	unchanged	e71da0ea9b4b984b86cf84b00b5275b82980decf	e71da0ea9b4b984b86cf84b00b5275b82980decf
settings.gradle.kts	modified	a9209078f90552c9b80e5fd36f7ff28edd878cfa	3c833a9abd9ba0f5580525d7770ba3b217b2bc98
testlibs.versions.toml	unchanged	d2da88497849f3fe7893ea5e934233e975d58fca	d2da88497849f3fe7893ea5e934233e975d58fca
.github/workflows/defender-build.yml	fork-added	-	c0b1382f5b99cd5f3311a883a47bbf976b1910f1
common/src/main/java/ac/defender/platform/DefenderCommand.java	fork-added	-	69dc01da55a1b7a53b3e86b8b8b18f083be91bbd
common/src/main/java/ac/defender/platform/DefenderRuntime.java	fork-added	-	1db50f07ec5ce5c9855491589c998eff916ec440
common/src/main/resources/client-signatures.yml	fork-added	-	32a8d4007553a279a6e7ec79fdee23cea7c99e3b
common/src/main/resources/defender.yml	fork-added	-	c26f80bc4185cca733eeceebf920c6cc415b2261
defender-core/build.gradle.kts	fork-added	-	21523209e96924e411395aecaa58646103d92d24
defender-core/src/main/java/ac/defender/companion/ChallengeRegistry.java	fork-added	-	a9f911afc6a087075bf0e58e313e6f13d2572ba5
defender-core/src/main/java/ac/defender/firewall/CombatWindow.java	fork-added	-	9761da93c79ab5d8dbee9d97fba6c483c93f0bcd
defender-core/src/main/java/ac/defender/firewall/PacketWindow.java	fork-added	-	85f80c25aa2ecd89958ae5e6c479c9335e1fb999
defender-core/src/main/java/ac/defender/firewall/PayloadDecoder.java	fork-added	-	2e512630dfc1b4d8c9a488bcf50090c04a74d026
defender-core/src/main/java/ac/defender/intelligence/ClientIntelligence.java	fork-added	-	c3f8ef48b18548021cd11d239d8be3bb5700f7b1
defender-core/src/main/java/ac/defender/intelligence/Signature.java	fork-added	-	69f10c30ac5cb13e2304643dde8da5ce7fab4ba6
defender-core/src/main/java/ac/defender/intelligence/Signatures.java	fork-added	-	bc2be7c059bc8271fac6451f03b4d234c82aef8a
defender-core/src/main/java/ac/defender/logging/IncidentLog.java	fork-added	-	d7b4393c2d6a7a4bb068046c340e236126fb276e
defender-core/src/main/java/ac/defender/probe/ProbeSession.java	fork-added	-	0c0fafb0d8a66ef1cc1dc06970fc196bde72aab2
defender-core/src/main/java/ac/defender/risk/Category.java	fork-added	-	cd1291fd4e0566b1d64fc2c0763cd07573939694
defender-core/src/main/java/ac/defender/risk/Evidence.java	fork-added	-	b2824c355b87f4dfe0b157c3f94e6d6f2cf3b8ca
defender-core/src/main/java/ac/defender/risk/RiskEngine.java	fork-added	-	191eab72246b51957185b55397d9b2c45579de55
defender-core/src/test/java/ac/defender/DefenderTest.java	fork-added	-	4250801da85e575452074003842275405964805a
docs/ARCHITECTURE.md	fork-added	-	85dc4761265c4881c0f870adf9a0ea80893c4ddb
docs/MINECRAFT_26_3_AUDIT.md	fork-added	-	a22f77d9cc36cb61ec16073d6f70dcdad57180ca
docs/PROBE_RESEARCH.md	fork-added	-	43de4f655bc1ebcfd1ff9b0dacfb1ff76a27b8a8
docs/UPSTREAM_COMMIT.txt	fork-added	-	adc734fb274b812f3e5321a7df2c8060e585fc3d
docs/UPSTREAM_FILES.tsv	fork-added	-	29322fafdd3968b306bf2660d9244e2950a5dc93
docs/UPSTREAM_README.md	fork-added	-	b1e5e5e342e42c9784d0f7de0e49944c8ddb2e08
release/ATTRIBUTION.md	fork-added	-	730fdce4e6020172b377b002168b71270b05945e
release/CHANGELOG.md	fork-added	-	49d66bc09d83a25d7d862acab7f3c7ce42fac6be
release/DEPENDENCIES.tsv	fork-added	-	dff6bfd2a9e97ffee784244f2371d1cf7facb63c
release/DEPENDENCY_LICENSES.tsv	fork-added	-	f5824241ad8b49ad9e77ab7ffca32352f4d10f81
release/DEPENDENCY_SOURCES.txt	fork-added	-	e9f8b7c8d621b90f077b573b635ae6cf78f53153
release/FEATURE_MATRIX.md	fork-added	-	d963a5920aea7608acca7ca79cd7bc71f6ffc47b
release/KNOWN_LIMITATIONS.md	fork-added	-	84ad04a5a1262b484f65fc76440ed17438cb0a52
release/LICENSE	fork-added	-	f288702d2fa16d3cdf0035b15a9fcbc552cd88e7
release/MANUAL_TESTS.md	fork-added	-	66f41ef1249df89dedf3fc92ca24f2b3cd789fbe
release/MODRINTH_DESCRIPTION.md	fork-added	-	abd10ea86ab22b5c9314b1eb4e4b38d02776cb6a
release/MODRINTH_DISCLOSURES.md	fork-added	-	8ce8b20d9e9fd0db41cc0e47acf88fa25e4bdc28
release/MODRINTH_NAME.txt	fork-added	-	b46355a7729b7ae05ac7581a89092faa2ca48aeb
release/MODRINTH_SETTINGS.md	fork-added	-	c713c6ed9dd0d52a39c26c837134d56a576486cd
release/MODRINTH_SUMMARY.txt	fork-added	-	96819a094ee35cba00d73375f5fd8712ebbe7ba3
release/NOTICE_AUDIT.tsv	fork-added	-	dab2cf234dbbbba88505996c7cbaaf724f65c164
release/PLATFORM_SELECTION.md	fork-added	-	3808527b9d8ae45097589a39dd32f2a55af62c5e
release/PLATFORM_TESTS.md	fork-added	-	92fbcb09d84f7330f730ed670dceec618ab3bb0d
release/PRIVACY.md	fork-added	-	d682a6c70b41b173af8073c46cdf2347681f907a
release/PUBLISH_CHECKLIST.md	fork-added	-	36de044d5cbef489dafa4fcfa7b1a09e8b23f10c
release/SECURITY.md	fork-added	-	2e724bec730df38ec330b395b6a7aa342221d05c
release/SHA256SUMS	fork-added	-	27cf00777447ae80add357503dc7d9727b1a8b4d
release/SOURCE_CHANGES.md	fork-added	-	e89732106c58facd56f64faad35914cd930ea568
release/TEST_RESULTS.md	fork-added	-	cfc5c24a64518181da84919ad171149954e10ae3
release/THIRD_PARTY.md	fork-added	-	674a12ce2178eacc79427669fb5003e01db84670
release/VERSION_CHANGELOG.md	fork-added	-	3ca66b47ff7989fee6acd86b1a5431f73f7d9be9
release/VERSION_NUMBER.txt	fork-added	-	1f3a60449ba74ffc4fe7a5e6bad3a1b486001729
release/VERSION_TITLE.txt	fork-added	-	5085dd58b6a2ca0850386e80b503afd8a4ac41d1
release/defender-0.1.0-alpha.1-source.zip	fork-added	-	200e4d2df69803db12420ff281704ae4ec42da03
release/defender-0.1.0-alpha.2-source.zip	fork-added	-	5b8305391c1b5a043c3c1c0f3b6970f43cc1b440
release/defender-bukkit-0.1.0-alpha.1.jar	fork-added	-	399b243fb172fc8734c80ddc695d50a684850bfc
release/defender-bukkit-0.1.0-alpha.2.jar	fork-added	-	19ada6512f8882084a6e66d02381d5b3e98d4762
release/dependency-metadata/ac.grim.grimac-GrimAPI-1.6.0.12.pom	fork-added	-	9f546626d88988717cb2844ba474917cdcec0510
release/dependency-metadata/ac.grim.grimac-grim-bukkit-internal-1.6.0.12.pom	fork-added	-	d82f70e8aee18f37bd3f9dc02439b8f3cba9d39d
release/dependency-metadata/ac.grim.grimac-grim-internal-1.6.0.12.pom	fork-added	-	511491a723089318267ef6a16aabccd6b4279cc9
release/dependency-metadata/com.github.alexheretic-dynamics-4.0.pom	fork-added	-	75f30f75b2cf842f03fa65c91a55de549a1d54cf
release/dependency-metadata/com.github.alexheretic-fluent-2.0.pom	fork-added	-	33ab58dde789f0915ff3fcde2d31063f5012f111
release/dependency-metadata/com.github.retrooper-packetevents-api-2.14.0-SNAPSHOT.pom	fork-added	-	23acc7062c1fc8d824c07633cdb9d1d5b187c40a
release/dependency-metadata/com.github.retrooper-packetevents-netty-common-2.14.0-SNAPSHOT.pom	fork-added	-	60907b30ecc7063a4babba839a715abd0d023d31
release/dependency-metadata/com.github.retrooper-packetevents-spigot-2.14.0-SNAPSHOT.pom	fork-added	-	5e024acee68d86e9ca9c7276215229b1227363e8
release/dependency-metadata/com.googlecode.json-simple-json-simple-1.1.1.pom	fork-added	-	62b931a4c53ef974daf435f219f36ef723f8599f
release/dependency-metadata/com.lmax-disruptor-3.4.4.pom	fork-added	-	64eea725275537cbddfbd6dd1887d10f5392f234
release/dependency-metadata/com.zaxxer-HikariCP-7.0.2.pom	fork-added	-	04bf24bc6d943d619d4c208e4f7f180ca96f5c6e
release/dependency-metadata/github.scarsz-configuralize-1.4.1.pom	fork-added	-	a2ec8884afe550460e94eb2beecb12905ba3b874
release/dependency-metadata/io.leangen.geantyref-geantyref-1.3.16.pom	fork-added	-	5ffcdcec4ad59aa25e69546a6265c008fba6bf1d
release/dependency-metadata/it.unimi.dsi-fastutil-8.5.15.pom	fork-added	-	57227ab21e9067fcfea63f87d8cae08277cd012a
release/dependency-metadata/net.kyori-adventure-api-4.26.1.pom	fork-added	-	36248dfd9726a736f42cf26938b054041b9637f1
release/dependency-metadata/net.kyori-adventure-key-4.26.1.pom	fork-added	-	bf813e55cb35cb7b00f8ee77cdfcf79bac824f03
release/dependency-metadata/net.kyori-adventure-nbt-4.26.1.pom	fork-added	-	c980e5295decd2a214efbef45ae54ec3364ac95d
release/dependency-metadata/net.kyori-adventure-platform-api-4.4.0.pom	fork-added	-	7c619c95f46bab83e6cb12420f44d9a1e234478a
release/dependency-metadata/net.kyori-adventure-platform-bukkit-4.4.0.pom	fork-added	-	98a7c5d8995d12abd3c033fdc36a361d022adb0d
release/dependency-metadata/net.kyori-adventure-platform-facet-4.4.0.pom	fork-added	-	7f27df1c907504cc85ff454e4de0e4f7a4062c50
release/dependency-metadata/net.kyori-adventure-platform-viaversion-4.4.0.pom	fork-added	-	83474a22ac3f9c7e3bc8ce2d897c4eee8286f3dc
release/dependency-metadata/net.kyori-adventure-text-minimessage-4.26.1.pom	fork-added	-	99170f9363a57bb04e9a3566f5a64ab76fb03444
release/dependency-metadata/net.kyori-adventure-text-serializer-bungeecord-4.4.0.pom	fork-added	-	f8d23599b607ec668ecf0b2d33b5d83bbe4c94fb
release/dependency-metadata/net.kyori-adventure-text-serializer-commons-4.26.1.pom	fork-added	-	cc30ed8ffebf21d914caf25f5ce20b44300c5371
release/dependency-metadata/net.kyori-adventure-text-serializer-gson-4.26.1.pom	fork-added	-	e988341c9f607b05231aae7e9b8985630026d5ac
release/dependency-metadata/net.kyori-adventure-text-serializer-gson-legacy-impl-4.21.0.pom	fork-added	-	f93dd6e61507f18e83101fb403f8a34e9b40cdb0
release/dependency-metadata/net.kyori-adventure-text-serializer-json-4.26.1.pom	fork-added	-	7316dac1f9cb10c3e79da862abceed7a79916519
release/dependency-metadata/net.kyori-adventure-text-serializer-json-legacy-impl-4.26.1.pom	fork-added	-	47190d900c63725270728f2d526fbfb8e0a964ec
release/dependency-metadata/net.kyori-adventure-text-serializer-legacy-4.26.1.pom	fork-added	-	6cfd78c0503874a2442ed05e4695ff8db1683548
release/dependency-metadata/net.kyori-examination-api-1.3.0.pom	fork-added	-	8d4dec85ccd1571ad24bd38e9b4f72971674fc00
release/dependency-metadata/net.kyori-examination-string-1.3.0.pom	fork-added	-	648a7ea3eff3c0b484c5cb9c242d8e46699fcdd9
release/dependency-metadata/net.kyori-option-1.1.0.pom	fork-added	-	8bd7f88ddad857da56cb4e441f1cbb4a50a2c1d3
release/dependency-metadata/org.incendo-cloud-annotations-2.1.0.pom	fork-added	-	aa641d4e948d5bf32ada963fa4c3d3a449a05bda
release/dependency-metadata/org.incendo-cloud-brigadier-2.0.1.pom	fork-added	-	92e97dc9c62905ef8060c9e8ab00d99a7a196c77
release/dependency-metadata/org.incendo-cloud-bukkit-2.0.1.pom	fork-added	-	582aab6eb06d34696a04d2db3fbffd19c903d008
release/dependency-metadata/org.incendo-cloud-core-2.1.0.pom	fork-added	-	b790583930a3d18d56961684d89136d03c820208
release/dependency-metadata/org.incendo-cloud-paper-2.0.1.pom	fork-added	-	875ee2bb3c277b1cd586d27a66a40f06a6275669
release/dependency-metadata/org.incendo-cloud-processors-requirements-1.0.0-rc.1.pom	fork-added	-	abeedee136af3280ea9d5b99c5eb1f8ce75646f4
release/dependency-metadata/org.incendo-cloud-services-2.1.0.pom	fork-added	-	f34b3a17143cd6a69caa15f79aab0ff63b6a8c20
release/dependency-metadata/org.jetbrains-annotations-24.1.0.pom	fork-added	-	588bb463d4b1c91e1737bd58a220e39ffc733173
release/dependency-metadata/org.slf4j-slf4j-api-2.0.17.pom	fork-added	-	81b540c7e14c908cd7003f3d0930b75d0fdbba61
release/dependency-metadata/org.slf4j-slf4j-jdk14-2.0.17.pom	fork-added	-	6740969f03b6188e0a43bd1a819f7adb18b8fcd4
release/dependency-metadata/org.yaml-snakeyaml-2.2.pom	fork-added	-	97c7a222c7eb7689719a9247917341328403ec48
release/dependency-sources/ac.grim.grimac-GrimAPI-1.6.0.12-sources.jar	fork-added	-	457a15808910c1b63bfc34d7a37f77818e0c8610
release/dependency-sources/ac.grim.grimac-grim-bukkit-internal-1.6.0.12-sources.jar	fork-added	-	10e725f4270b736edcbe5c1bf33565e5daa99e2c
release/dependency-sources/ac.grim.grimac-grim-internal-1.6.0.12-sources.jar	fork-added	-	7d954ae71a0f09b8604365dd3c9c705be8558c65
release/dependency-sources/com.github.alexheretic-dynamics-4.0-sources.jar	fork-added	-	e3f9ebfb8f6e97c0164629479f8abafc20a73569
release/dependency-sources/com.github.alexheretic-fluent-2.0-sources.jar	fork-added	-	969ed57f05a532a16b48e7dc080bd67020042000
release/dependency-sources/com.github.retrooper-packetevents-api-2.14.0-SNAPSHOT-20260923.204313-3-sources.jar	fork-added	-	ce05bdd0dce86327d6d9c67a2ebe77320ab76d58
release/dependency-sources/com.github.retrooper-packetevents-netty-common-2.14.0-SNAPSHOT-20260923.204313-3-sources.jar	fork-added	-	b746e486465cbd052e593b1e3f52e7fb5ef45d89
release/dependency-sources/com.github.retrooper-packetevents-spigot-2.14.0-SNAPSHOT-20260923.204313-3-sources.jar	fork-added	-	b31008b72383edff6349be8616ff3bcbf00765c8
release/dependency-sources/com.googlecode.json-simple-json-simple-1.1.1-sources.jar	fork-added	-	165e6f94b284f841902715587b0e8e3b11d42fa6
release/dependency-sources/com.lmax-disruptor-3.4.4-sources.jar	fork-added	-	3d647b7f162a665644bebfc32fa987cf8bb7408e
release/dependency-sources/com.zaxxer-HikariCP-7.0.2-sources.jar	fork-added	-	7339e417056530aa6938b7ce5926c6c7e0478852
release/dependency-sources/github.scarsz-configuralize-1.4.1-sources.jar	fork-added	-	3e098b7dbdde25ce4d76dd56bb5a140b42efd3b3
release/dependency-sources/io.leangen.geantyref-geantyref-1.3.16-sources.jar	fork-added	-	01322677b29eab32a73dbc40cf631628a8d7b54f
release/dependency-sources/it.unimi.dsi-fastutil-8.5.15-sources.jar	fork-added	-	231b13c5f18d2ca619f6331f38d0cab0f8684934
release/dependency-sources/net.kyori-adventure-api-4.26.1-sources.jar	fork-added	-	6f28b5acafc3b00c5394f4ab4118537226653685
release/dependency-sources/net.kyori-adventure-key-4.26.1-sources.jar	fork-added	-	c3287e1b0ae9978db987cfb54d018f88cda1f965
release/dependency-sources/net.kyori-adventure-nbt-4.26.1-sources.jar	fork-added	-	b59ad3b4a6815021646f5a3979d97ba4ed40efd7
release/dependency-sources/net.kyori-adventure-platform-api-4.4.0-sources.jar	fork-added	-	a373c3b63e3fd957ff03893deac29a7bd123931f
release/dependency-sources/net.kyori-adventure-platform-bukkit-4.4.0-sources.jar	fork-added	-	3d404cd7186bf52ee9279a4e4c8630aad2cf1384
release/dependency-sources/net.kyori-adventure-platform-facet-4.4.0-sources.jar	fork-added	-	06725d6b60468a55c307d1a0e88398c83a48378a
release/dependency-sources/net.kyori-adventure-platform-viaversion-4.4.0-sources.jar	fork-added	-	e485fd577599e39127f9cf31ead96ab6b93fed3b
release/dependency-sources/net.kyori-adventure-text-minimessage-4.26.1-sources.jar	fork-added	-	7a31414feacc6b9e785c3090d3c8bd603ff93d6c
release/dependency-sources/net.kyori-adventure-text-serializer-bungeecord-4.4.0-sources.jar	fork-added	-	260fcc05e31cde9c80a4761f4789ff1fef591d8b
release/dependency-sources/net.kyori-adventure-text-serializer-commons-4.26.1-sources.jar	fork-added	-	2cb0fe3abe4771af3b7b97cd635ab30ad2c3621e
release/dependency-sources/net.kyori-adventure-text-serializer-gson-4.26.1-sources.jar	fork-added	-	a06967d82906b2bcdb8f806a8d26a16e35eeb7ef
release/dependency-sources/net.kyori-adventure-text-serializer-gson-legacy-impl-4.21.0-sources.jar	fork-added	-	857029678d7f00fbef2181736ed5b59eda5ce9d1
release/dependency-sources/net.kyori-adventure-text-serializer-json-4.26.1-sources.jar	fork-added	-	de80709c64666b00fac79a37f3d702f660766e7c
release/dependency-sources/net.kyori-adventure-text-serializer-json-legacy-impl-4.26.1-sources.jar	fork-added	-	7e88f654cd2e4be7417e0b1a78c6f9a83fc7e471
release/dependency-sources/net.kyori-adventure-text-serializer-legacy-4.26.1-sources.jar	fork-added	-	e1ef3ef3fa0511a40b9c281d3fdebb10b713d346
release/dependency-sources/net.kyori-examination-api-1.3.0-sources.jar	fork-added	-	e4474916fc50b6d103d5dfdeb28a1febb7c51b88
release/dependency-sources/net.kyori-examination-string-1.3.0-sources.jar	fork-added	-	7bcc761d81395d8b8e3e421be1a2fb1b37d1679f
release/dependency-sources/net.kyori-option-1.1.0-sources.jar	fork-added	-	f37391e3a905410041ab34596e3c330a556c5631
release/dependency-sources/org.incendo-cloud-annotations-2.1.0-sources.jar	fork-added	-	8d67ba253690a9ff8e9d2b441826470cccec9d4c
release/dependency-sources/org.incendo-cloud-brigadier-2.0.1-sources.jar	fork-added	-	89c02c410d47b2cab22bc855f59f022c3d29ffa8
release/dependency-sources/org.incendo-cloud-bukkit-2.0.1-sources.jar	fork-added	-	d624e79b4031754e19a7ac5b4770152331d7c2a7
release/dependency-sources/org.incendo-cloud-core-2.1.0-sources.jar	fork-added	-	3d6792fd4bbfc1398db6e320c0233b26a73fc767
release/dependency-sources/org.incendo-cloud-paper-2.0.1-sources.jar	fork-added	-	ae96fd5a5171f0d6c4b6622d1c9ea2225127e6fb
release/dependency-sources/org.incendo-cloud-processors-requirements-1.0.0-rc.1-sources.jar	fork-added	-	382668518a1bf3e3ad5144f13099d7ecd1fa44cf
release/dependency-sources/org.incendo-cloud-services-2.1.0-sources.jar	fork-added	-	08964bc4d8e6e72535c18b943fb65b2efb6dfe7a
release/dependency-sources/org.jetbrains-annotations-24.1.0-sources.jar	fork-added	-	619ac4ce93ad54fd4d2d84af8a372a65bc01fe83
release/dependency-sources/org.slf4j-slf4j-api-2.0.17-sources.jar	fork-added	-	f73934f8fd16e5b3b2a3f21b1c5d49418cfaf480
release/dependency-sources/org.slf4j-slf4j-jdk14-2.0.17-sources.jar	fork-added	-	406095a73f2eaa7681e684060a13cf96e21e5aa9
release/dependency-sources/org.yaml-snakeyaml-2.2-sources.jar	fork-added	-	611d8fc4464f3cbf177477bda515a31f03ee3385
release/platform-tests-alpha.2/paper-1.21.11.json	fork-added	-	6ae93265f4cf796d32759384e0afaa132f7a84f5
release/platform-tests-alpha.2/paper-1.21.11.log	fork-added	-	79578bd7f09dbe3d4a39b181d99084d0b1b12789
release/platform-tests-alpha.2/paper-26.2.json	fork-added	-	1a51c6ac8cf61658f018b11eaf3c9eb26a663ef0
release/platform-tests-alpha.2/paper-26.2.log	fork-added	-	00e9f1757259ca66f09b97a323815365610cc072
release/platform-tests-alpha.2/paper-26.3.json	fork-added	-	a696e19758d1d49efe47775d8e94b267e14b96ef
release/platform-tests-alpha.2/paper-26.3.log	fork-added	-	5fd25ad29ca3fe942c8a4275fffd7ed4d6869128
release/platform-tests-alpha.2/purpur-1.21.11.json	fork-added	-	a886b7e4b9635bab43990801f4c3649a4844b8e5
release/platform-tests-alpha.2/purpur-1.21.11.log	fork-added	-	0df3a342326c9538d6ac5d562a9480193adf0edc
release/platform-tests-alpha.2/purpur-26.2.json	fork-added	-	03922a650e4c2c5857da245e662ac609ff22b784
release/platform-tests-alpha.2/purpur-26.2.log	fork-added	-	0ce0290c09974aadf9f92d9ce5ad59028ef94ec8
release/test-results/common-TEST-ac.grim.grimac.checks.VerboseTemplateAuditTest.xml	fork-added	-	6f7b00912c6526b77125d8d27dbc310583a3c2ca
release/test-results/common-TEST-ac.grim.grimac.manager.datastore.LeaseStartupLivenessTest.xml	fork-added	-	df0f5f41aab8d0617511f632a42866c36f205200
release/test-results/common-TEST-ac.grim.grimac.manager.datastore.V2InstanceRegistryTest.xml	fork-added	-	4f51f5149732b009596ac330ca0946fe1cb59f33
release/test-results/defender-core-TEST-ac.defender.DefenderTest.xml	fork-added	-	eb4eecca809f97e52c7eef866b0163a607e76667
release/third-party-notices/GrimAPI/LICENSE.txt	fork-added	-	a5863b48bde08fece4240c0e8575b0ae8d279740
release/third-party-notices/GrimAPI/SOURCE_URL.txt	fork-added	-	e508e379bceb9efaa07f93c5afa19f051ec5f8b3
release/third-party-notices/PacketEvents/LICENSE.txt	fork-added	-	f288702d2fa16d3cdf0035b15a9fcbc552cd88e7
release/third-party-notices/PacketEvents/SOURCE_URL.txt	fork-added	-	4dcc5d5cc350d302e4d3ac35c012d0f2101b0ff2
release/third-party-notices/cloud-minecraft/LICENSE.txt	fork-added	-	ac51a625f07d3b769d4f48e8855b750dc7cfc653
release/third-party-notices/cloud-minecraft/SOURCE_URL.txt	fork-added	-	dc0a715e4fa76a0f3aeaabd90eda0f745f7cd838
release/third-party-notices/cloud-processors/LICENSE.txt	fork-added	-	ac51a625f07d3b769d4f48e8855b750dc7cfc653
release/third-party-notices/cloud-processors/SOURCE_URL.txt	fork-added	-	06c56daf1c4d6baa80a0df38be2e72cb3a80eaca
release/third-party-notices/cloud/LICENSE.txt	fork-added	-	ac51a625f07d3b769d4f48e8855b750dc7cfc653
release/third-party-notices/cloud/SOURCE_URL.txt	fork-added	-	a5a72f30448416b30cae0f0695c6be1ea9296318
release/third-party-notices/com.github.alexheretic-dynamics-4.0-sources/SOURCE_HEADERS.txt	fork-added	-	563858e23603b2920718e4b1b8a15bd760fb6a13
release/third-party-notices/com.github.alexheretic-fluent-2.0-sources/SOURCE_HEADERS.txt	fork-added	-	563858e23603b2920718e4b1b8a15bd760fb6a13
release/third-party-notices/com.github.retrooper-packetevents-api-2.14.0-SNAPSHOT-20260923.204313-3-sources/SOURCE_HEADERS.txt	fork-added	-	fc8f1143c4e50d31a73643ad109d1196ae8d76bb
release/third-party-notices/com.github.retrooper-packetevents-netty-common-2.14.0-SNAPSHOT-20260923.204313-3-sources/SOURCE_HEADERS.txt	fork-added	-	328adc0756d5dbe7f0a4160a501ef0159fd93042
release/third-party-notices/com.github.retrooper-packetevents-spigot-2.14.0-SNAPSHOT-20260923.204313-3-sources/SOURCE_HEADERS.txt	fork-added	-	263d722369668614bcb5a378a99200a44db7106f
release/third-party-notices/com.lmax-disruptor-3.4.4-sources/SOURCE_HEADERS.txt	fork-added	-	f31b591245e714ed697ac27b8e7cd0bc35eebcdf
release/third-party-notices/com.zaxxer-HikariCP-7.0.2-sources/SOURCE_HEADERS.txt	fork-added	-	5933bad1a9c7dd1d7559bea874dcd6e0ae23e002
release/third-party-notices/github.scarsz-configuralize-1.4.1-sources/SOURCE_HEADERS.txt	fork-added	-	be5766ee32af2b660145aa3fe00bd9129e16b962
release/third-party-notices/io.leangen.geantyref-geantyref-1.3.16-sources/SOURCE_HEADERS.txt	fork-added	-	b5a48fe17cf5dd1a58e863e33b6364fbb77841cd
release/third-party-notices/it.unimi.dsi-fastutil-8.5.15-sources/SOURCE_HEADERS.txt	fork-added	-	d243453a620f61e1632b4358542586a2528779f4
release/third-party-notices/json-simple/LICENSE.txt	fork-added	-	d645695673349e3947e8e5ae42332d0ac3164cd7
release/third-party-notices/json-simple/SOURCE_URL.txt	fork-added	-	0b3642b5a56b19be14c42d3f3d979b998ee18ffe
release/third-party-notices/net.kyori-adventure-api-4.26.1-sources/SOURCE_HEADERS.txt	fork-added	-	e624b1bfda8378f2776e1d37e691c42e448636dc
release/third-party-notices/net.kyori-adventure-key-4.26.1-sources/SOURCE_HEADERS.txt	fork-added	-	e624b1bfda8378f2776e1d37e691c42e448636dc
release/third-party-notices/net.kyori-adventure-nbt-4.26.1-sources/SOURCE_HEADERS.txt	fork-added	-	e624b1bfda8378f2776e1d37e691c42e448636dc
release/third-party-notices/net.kyori-adventure-platform-api-4.4.0-sources/SOURCE_HEADERS.txt	fork-added	-	0344f2ac8032004dd20ffc1d0ab6bf23d0f40937
release/third-party-notices/net.kyori-adventure-platform-bukkit-4.4.0-sources/SOURCE_HEADERS.txt	fork-added	-	0344f2ac8032004dd20ffc1d0ab6bf23d0f40937
release/third-party-notices/net.kyori-adventure-platform-facet-4.4.0-sources/SOURCE_HEADERS.txt	fork-added	-	0344f2ac8032004dd20ffc1d0ab6bf23d0f40937
release/third-party-notices/net.kyori-adventure-platform-viaversion-4.4.0-sources/SOURCE_HEADERS.txt	fork-added	-	0344f2ac8032004dd20ffc1d0ab6bf23d0f40937
release/third-party-notices/net.kyori-adventure-text-minimessage-4.26.1-sources/SOURCE_HEADERS.txt	fork-added	-	e624b1bfda8378f2776e1d37e691c42e448636dc
release/third-party-notices/net.kyori-adventure-text-serializer-bungeecord-4.4.0-sources/SOURCE_HEADERS.txt	fork-added	-	0344f2ac8032004dd20ffc1d0ab6bf23d0f40937
release/third-party-notices/net.kyori-adventure-text-serializer-commons-4.26.1-sources/SOURCE_HEADERS.txt	fork-added	-	63b048d70eae188c6b87892dc65c2768ffe9203f
release/third-party-notices/net.kyori-adventure-text-serializer-gson-4.26.1-sources/SOURCE_HEADERS.txt	fork-added	-	e624b1bfda8378f2776e1d37e691c42e448636dc
release/third-party-notices/net.kyori-adventure-text-serializer-gson-legacy-impl-4.21.0-sources/SOURCE_HEADERS.txt	fork-added	-	e624b1bfda8378f2776e1d37e691c42e448636dc
release/third-party-notices/net.kyori-adventure-text-serializer-json-4.26.1-sources/SOURCE_HEADERS.txt	fork-added	-	63b048d70eae188c6b87892dc65c2768ffe9203f
release/third-party-notices/net.kyori-adventure-text-serializer-json-legacy-impl-4.26.1-sources/SOURCE_HEADERS.txt	fork-added	-	e624b1bfda8378f2776e1d37e691c42e448636dc
release/third-party-notices/net.kyori-adventure-text-serializer-legacy-4.26.1-sources/SOURCE_HEADERS.txt	fork-added	-	e624b1bfda8378f2776e1d37e691c42e448636dc
release/third-party-notices/net.kyori-examination-api-1.3.0-sources/SOURCE_HEADERS.txt	fork-added	-	e7ed6397b1c1c72fbce1c42433785d164f2d616d
release/third-party-notices/net.kyori-examination-string-1.3.0-sources/SOURCE_HEADERS.txt	fork-added	-	e7ed6397b1c1c72fbce1c42433785d164f2d616d
release/third-party-notices/net.kyori-option-1.1.0-sources/SOURCE_HEADERS.txt	fork-added	-	726581b3e6955177c8ace7adfc953dd3aaecf3e0
release/third-party-notices/org.jetbrains-annotations-24.1.0-sources/SOURCE_HEADERS.txt	fork-added	-	e0ab6c6e5cd3064894461b84a2f7db8fb9d4e541
release/third-party-notices/org.slf4j-slf4j-api-2.0.17-sources/SOURCE_HEADERS.txt	fork-added	-	f39f6f553dd5c23c894c25be397e90c4bc3b1b33
release/third-party-notices/org.slf4j-slf4j-jdk14-2.0.17-sources/SOURCE_HEADERS.txt	fork-added	-	09684bc6dbf0945a8ae7876be154c81d57f14411
release/third-party-notices/org.slf4j_slf4j-api_2.0.17/META-INF_LICENSE.txt	fork-added	-	f5c0abddf1786dbdbf572a280c917a5c1af914fa
release/third-party-notices/org.slf4j_slf4j-jdk14_2.0.17/META-INF_LICENSE.txt	fork-added	-	f5c0abddf1786dbdbf572a280c917a5c1af914fa
release/third-party-notices/org.yaml-snakeyaml-2.2-sources/SOURCE_HEADERS.txt	fork-added	-	99713bc39066921f81ca0823bbbadd3aea11dcf5
tools/assemble_release.py	fork-added	-	ffe2264f29a7b6665f01ddb9e5e1e6183cdffe5b
tools/collect_notices.py	fork-added	-	4b7e4b638f7cb3356f3b0a7cb34595c70be81aee
tools/provenance.py	fork-added	-	c800308f691dc9ab260d568e15fbc20a385cf3d7
